captured_at,generation_mode,api_id,model,duration,resolution,aspect_ratio,audio_setting,points,status
2026-08-26,text-to-video,200211,万相 3.0,-1,480P,adaptive,not_billed,900,ok
2026-08-26,text-to-video,200211,万相 3.0,-1,720P,adaptive,not_billed,1800,ok
2026-08-26,text-to-video,200211,万相 3.0,-1,1080P,adaptive,not_billed,3600,ok
2026-08-26,text-to-video,200211,万相 3.0,2,480P,adaptive,not_billed,60,ok
2026-08-26,text-to-video,200211,万相 3.0,2,720P,adaptive,not_billed,120,ok
2026-08-26,text-to-video,200211,万相 3.0,2,1080P,adaptive,not_billed,240,ok
2026-08-26,text-to-video,200211,万相 3.0,3,480P,adaptive,not_billed,90,ok
2026-08-26,text-to-video,200211,万相 3.0,3,720P,adaptive,not_billed,180,ok
2026-08-26,text-to-video,200211,万相 3.0,3,1080P,adaptive,not_billed,360,ok
2026-08-26,text-to-video,200211,万相 3.0,4,480P,adaptive,not_billed,120,ok
2026-08-26,text-to-video,200211,万相 3.0,4,720P,adaptive,not_billed,240,ok
2026-08-26,text-to-video,200211,万相 3.0,4,1080P,adaptive,not_billed,480,ok
2026-08-26,text-to-video,200211,万相 3.0,5,480P,adaptive,not_billed,150,ok
2026-08-26,text-to-video,200211,万相 3.0,5,720P,adaptive,not_billed,300,ok
2026-08-26,text-to-video,200211,万相 3.0,5,1080P,adaptive,not_billed,600,ok
2026-08-26,text-to-video,200211,万相 3.0,6,480P,adaptive,not_billed,180,ok
2026-08-26,text-to-video,200211,万相 3.0,6,720P,adaptive,not_billed,360,ok
2026-08-26,text-to-video,200211,万相 3.0,6,1080P,adaptive,not_billed,720,ok
2026-08-26,text-to-video,200211,万相 3.0,7,480P,adaptive,not_billed,210,ok
2026-08-26,text-to-video,200211,万相 3.0,7,720P,adaptive,not_billed,420,ok
2026-08-26,text-to-video,200211,万相 3.0,7,1080P,adaptive,not_billed,840,ok
2026-08-26,text-to-video,200211,万相 3.0,8,480P,adaptive,not_billed,240,ok
2026-08-26,text-to-video,200211,万相 3.0,8,720P,adaptive,not_billed,480,ok
2026-08-26,text-to-video,200211,万相 3.0,8,1080P,adaptive,not_billed,960,ok
2026-08-26,text-to-video,200211,万相 3.0,9,480P,adaptive,not_billed,270,ok
2026-08-26,text-to-video,200211,万相 3.0,9,720P,adaptive,not_billed,540,ok
2026-08-26,text-to-video,200211,万相 3.0,9,1080P,adaptive,not_billed,1080,ok
2026-08-26,text-to-video,200211,万相 3.0,10,480P,adaptive,not_billed,300,ok
2026-08-26,text-to-video,200211,万相 3.0,10,720P,adaptive,not_billed,600,ok
2026-08-26,text-to-video,200211,万相 3.0,10,1080P,adaptive,not_billed,1200,ok
2026-08-26,text-to-video,200211,万相 3.0,11,480P,adaptive,not_billed,330,ok
2026-08-26,text-to-video,200211,万相 3.0,11,720P,adaptive,not_billed,660,ok
2026-08-26,text-to-video,200211,万相 3.0,11,1080P,adaptive,not_billed,1320,ok
2026-08-26,text-to-video,200211,万相 3.0,12,480P,adaptive,not_billed,360,ok
2026-08-26,text-to-video,200211,万相 3.0,12,720P,adaptive,not_billed,720,ok
2026-08-26,text-to-video,200211,万相 3.0,12,1080P,adaptive,not_billed,1440,ok
2026-08-26,text-to-video,200211,万相 3.0,13,480P,adaptive,not_billed,390,ok
2026-08-26,text-to-video,200211,万相 3.0,13,720P,adaptive,not_billed,780,ok
2026-08-26,text-to-video,200211,万相 3.0,13,1080P,adaptive,not_billed,1560,ok
2026-08-26,text-to-video,200211,万相 3.0,14,480P,adaptive,not_billed,420,ok
2026-08-26,text-to-video,200211,万相 3.0,14,720P,adaptive,not_billed,840,ok
2026-08-26,text-to-video,200211,万相 3.0,14,1080P,adaptive,not_billed,1680,ok
2026-08-26,text-to-video,200211,万相 3.0,15,480P,adaptive,not_billed,450,ok
2026-08-26,text-to-video,200211,万相 3.0,15,720P,adaptive,not_billed,900,ok
2026-08-26,text-to-video,200211,万相 3.0,15,1080P,adaptive,not_billed,1800,ok
2026-08-26,text-to-video,200211,万相 3.0,16,480P,adaptive,not_billed,480,ok
2026-08-26,text-to-video,200211,万相 3.0,16,720P,adaptive,not_billed,960,ok
2026-08-26,text-to-video,200211,万相 3.0,16,1080P,adaptive,not_billed,1920,ok
2026-08-26,text-to-video,200211,万相 3.0,17,480P,adaptive,not_billed,510,ok
2026-08-26,text-to-video,200211,万相 3.0,17,720P,adaptive,not_billed,1020,ok
2026-08-26,text-to-video,200211,万相 3.0,17,1080P,adaptive,not_billed,2040,ok
2026-08-26,text-to-video,200211,万相 3.0,18,480P,adaptive,not_billed,540,ok
2026-08-26,text-to-video,200211,万相 3.0,18,720P,adaptive,not_billed,1080,ok
2026-08-26,text-to-video,200211,万相 3.0,18,1080P,adaptive,not_billed,2160,ok
2026-08-26,text-to-video,200211,万相 3.0,19,480P,adaptive,not_billed,570,ok
2026-08-26,text-to-video,200211,万相 3.0,19,720P,adaptive,not_billed,1140,ok
2026-08-26,text-to-video,200211,万相 3.0,19,1080P,adaptive,not_billed,2280,ok
2026-08-26,text-to-video,200211,万相 3.0,20,480P,adaptive,not_billed,600,ok
2026-08-26,text-to-video,200211,万相 3.0,20,720P,adaptive,not_billed,1200,ok
2026-08-26,text-to-video,200211,万相 3.0,20,1080P,adaptive,not_billed,2400,ok
2026-08-26,text-to-video,200211,万相 3.0,21,480P,adaptive,not_billed,630,ok
2026-08-26,text-to-video,200211,万相 3.0,21,720P,adaptive,not_billed,1260,ok
2026-08-26,text-to-video,200211,万相 3.0,21,1080P,adaptive,not_billed,2520,ok
2026-08-26,text-to-video,200211,万相 3.0,22,480P,adaptive,not_billed,660,ok
2026-08-26,text-to-video,200211,万相 3.0,22,720P,adaptive,not_billed,1320,ok
2026-08-26,text-to-video,200211,万相 3.0,22,1080P,adaptive,not_billed,2640,ok
2026-08-26,text-to-video,200211,万相 3.0,23,480P,adaptive,not_billed,690,ok
2026-08-26,text-to-video,200211,万相 3.0,23,720P,adaptive,not_billed,1380,ok
2026-08-26,text-to-video,200211,万相 3.0,23,1080P,adaptive,not_billed,2760,ok
2026-08-26,text-to-video,200211,万相 3.0,24,480P,adaptive,not_billed,720,ok
2026-08-26,text-to-video,200211,万相 3.0,24,720P,adaptive,not_billed,1440,ok
2026-08-26,text-to-video,200211,万相 3.0,24,1080P,adaptive,not_billed,2880,ok
2026-08-26,text-to-video,200211,万相 3.0,25,480P,adaptive,not_billed,750,ok
2026-08-26,text-to-video,200211,万相 3.0,25,720P,adaptive,not_billed,1500,ok
2026-08-26,text-to-video,200211,万相 3.0,25,1080P,adaptive,not_billed,3000,ok
2026-08-26,text-to-video,200211,万相 3.0,26,480P,adaptive,not_billed,780,ok
2026-08-26,text-to-video,200211,万相 3.0,26,720P,adaptive,not_billed,1560,ok
2026-08-26,text-to-video,200211,万相 3.0,26,1080P,adaptive,not_billed,3120,ok
2026-08-26,text-to-video,200211,万相 3.0,27,480P,adaptive,not_billed,810,ok
2026-08-26,text-to-video,200211,万相 3.0,27,720P,adaptive,not_billed,1620,ok
2026-08-26,text-to-video,200211,万相 3.0,27,1080P,adaptive,not_billed,3240,ok
2026-08-26,text-to-video,200211,万相 3.0,28,480P,adaptive,not_billed,840,ok
2026-08-26,text-to-video,200211,万相 3.0,28,720P,adaptive,not_billed,1680,ok
2026-08-26,text-to-video,200211,万相 3.0,28,1080P,adaptive,not_billed,3360,ok
2026-08-26,text-to-video,200211,万相 3.0,29,480P,adaptive,not_billed,870,ok
2026-08-26,text-to-video,200211,万相 3.0,29,720P,adaptive,not_billed,1740,ok
2026-08-26,text-to-video,200211,万相 3.0,29,1080P,adaptive,not_billed,3480,ok
2026-08-26,text-to-video,200211,万相 3.0,30,480P,adaptive,not_billed,900,ok
2026-08-26,text-to-video,200211,万相 3.0,30,720P,adaptive,not_billed,1800,ok
2026-08-26,text-to-video,200211,万相 3.0,30,1080P,adaptive,not_billed,3600,ok
2026-08-26,text-to-video,467,MiniMax H3,4,768P,16:9,not_billed,200,ok
2026-08-26,text-to-video,467,MiniMax H3,4,2K,16:9,not_billed,320,ok
2026-08-26,text-to-video,467,MiniMax H3,5,768P,16:9,not_billed,250,ok
2026-08-26,text-to-video,467,MiniMax H3,5,2K,16:9,not_billed,400,ok
2026-08-26,text-to-video,467,MiniMax H3,6,768P,16:9,not_billed,300,ok
2026-08-26,text-to-video,467,MiniMax H3,6,2K,16:9,not_billed,480,ok
2026-08-26,text-to-video,467,MiniMax H3,7,768P,16:9,not_billed,350,ok
2026-08-26,text-to-video,467,MiniMax H3,7,2K,16:9,not_billed,560,ok
2026-08-26,text-to-video,467,MiniMax H3,8,768P,16:9,not_billed,400,ok
2026-08-26,text-to-video,467,MiniMax H3,8,2K,16:9,not_billed,640,ok
2026-08-26,text-to-video,467,MiniMax H3,9,768P,16:9,not_billed,450,ok
2026-08-26,text-to-video,467,MiniMax H3,9,2K,16:9,not_billed,720,ok
2026-08-26,text-to-video,467,MiniMax H3,10,768P,16:9,not_billed,500,ok
2026-08-26,text-to-video,467,MiniMax H3,10,2K,16:9,not_billed,800,ok
2026-08-26,text-to-video,467,MiniMax H3,11,768P,16:9,not_billed,550,ok
2026-08-26,text-to-video,467,MiniMax H3,11,2K,16:9,not_billed,880,ok
2026-08-26,text-to-video,467,MiniMax H3,12,768P,16:9,not_billed,600,ok
2026-08-26,text-to-video,467,MiniMax H3,12,2K,16:9,not_billed,960,ok
2026-08-26,text-to-video,467,MiniMax H3,13,768P,16:9,not_billed,650,ok
2026-08-26,text-to-video,467,MiniMax H3,13,2K,16:9,not_billed,1040,ok
2026-08-26,text-to-video,467,MiniMax H3,14,768P,16:9,not_billed,700,ok
2026-08-26,text-to-video,467,MiniMax H3,14,2K,16:9,not_billed,1120,ok
2026-08-26,text-to-video,467,MiniMax H3,15,768P,16:9,not_billed,750,ok
2026-08-26,text-to-video,467,MiniMax H3,15,2K,16:9,not_billed,1200,ok
2026-08-26,text-to-video,802,Pixverse C1,1,360p,16:9,true,23,ok
2026-08-26,text-to-video,802,Pixverse C1,1,360p,16:9,false,17,ok
2026-08-26,text-to-video,802,Pixverse C1,1,540p,16:9,true,29,ok
2026-08-26,text-to-video,802,Pixverse C1,1,540p,16:9,false,23,ok
2026-08-26,text-to-video,802,Pixverse C1,1,720p,16:9,true,38,ok
2026-08-26,text-to-video,802,Pixverse C1,1,720p,16:9,false,29,ok
2026-08-26,text-to-video,802,Pixverse C1,1,1080p,16:9,true,70,ok
2026-08-26,text-to-video,802,Pixverse C1,1,1080p,16:9,false,55,ok
2026-08-26,text-to-video,802,Pixverse C1,2,360p,16:9,true,47,ok
2026-08-26,text-to-video,802,Pixverse C1,2,360p,16:9,false,35,ok
2026-08-26,text-to-video,802,Pixverse C1,2,540p,16:9,true,58,ok
2026-08-26,text-to-video,802,Pixverse C1,2,540p,16:9,false,47,ok
2026-08-26,text-to-video,802,Pixverse C1,2,720p,16:9,true,76,ok
2026-08-26,text-to-video,802,Pixverse C1,2,720p,16:9,false,58,ok
2026-08-26,text-to-video,802,Pixverse C1,2,1080p,16:9,true,140,ok
2026-08-26,text-to-video,802,Pixverse C1,2,1080p,16:9,false,111,ok
2026-08-26,text-to-video,802,Pixverse C1,3,360p,16:9,true,70,ok
2026-08-26,text-to-video,802,Pixverse C1,3,360p,16:9,false,52,ok
2026-08-26,text-to-video,802,Pixverse C1,3,540p,16:9,true,87,ok
2026-08-26,text-to-video,802,Pixverse C1,3,540p,16:9,false,70,ok
2026-08-26,text-to-video,802,Pixverse C1,3,720p,16:9,true,114,ok
2026-08-26,text-to-video,802,Pixverse C1,3,720p,16:9,false,87,ok
2026-08-26,text-to-video,802,Pixverse C1,3,1080p,16:9,true,211,ok
2026-08-26,text-to-video,802,Pixverse C1,3,1080p,16:9,false,167,ok
2026-08-26,text-to-video,802,Pixverse C1,4,360p,16:9,true,94,ok
2026-08-26,text-to-video,802,Pixverse C1,4,360p,16:9,false,70,ok
2026-08-26,text-to-video,802,Pixverse C1,4,540p,16:9,true,117,ok
2026-08-26,text-to-video,802,Pixverse C1,4,540p,16:9,false,94,ok
2026-08-26,text-to-video,802,Pixverse C1,4,720p,16:9,true,152,ok
2026-08-26,text-to-video,802,Pixverse C1,4,720p,16:9,false,117,ok
2026-08-26,text-to-video,802,Pixverse C1,4,1080p,16:9,true,281,ok
2026-08-26,text-to-video,802,Pixverse C1,4,1080p,16:9,false,222,ok
2026-08-26,text-to-video,802,Pixverse C1,5,360p,16:9,true,117,ok
2026-08-26,text-to-video,802,Pixverse C1,5,360p,16:9,false,88,ok
2026-08-26,text-to-video,802,Pixverse C1,5,540p,16:9,true,146,ok
2026-08-26,text-to-video,802,Pixverse C1,5,540p,16:9,false,117,ok
2026-08-26,text-to-video,802,Pixverse C1,5,720p,16:9,true,190,ok
2026-08-26,text-to-video,802,Pixverse C1,5,720p,16:9,false,146,ok
2026-08-26,text-to-video,802,Pixverse C1,5,1080p,16:9,true,352,ok
2026-08-26,text-to-video,802,Pixverse C1,5,1080p,16:9,false,278,ok
2026-08-26,text-to-video,802,Pixverse C1,6,360p,16:9,true,141,ok
2026-08-26,text-to-video,802,Pixverse C1,6,360p,16:9,false,105,ok
2026-08-26,text-to-video,802,Pixverse C1,6,540p,16:9,true,175,ok
2026-08-26,text-to-video,802,Pixverse C1,6,540p,16:9,false,141,ok
2026-08-26,text-to-video,802,Pixverse C1,6,720p,16:9,true,228,ok
2026-08-26,text-to-video,802,Pixverse C1,6,720p,16:9,false,175,ok
2026-08-26,text-to-video,802,Pixverse C1,6,1080p,16:9,true,422,ok
2026-08-26,text-to-video,802,Pixverse C1,6,1080p,16:9,false,334,ok
2026-08-26,text-to-video,802,Pixverse C1,7,360p,16:9,true,164,ok
2026-08-26,text-to-video,802,Pixverse C1,7,360p,16:9,false,123,ok
2026-08-26,text-to-video,802,Pixverse C1,7,540p,16:9,true,205,ok
2026-08-26,text-to-video,802,Pixverse C1,7,540p,16:9,false,164,ok
2026-08-26,text-to-video,802,Pixverse C1,7,720p,16:9,true,266,ok
2026-08-26,text-to-video,802,Pixverse C1,7,720p,16:9,false,205,ok
2026-08-26,text-to-video,802,Pixverse C1,7,1080p,16:9,true,492,ok
2026-08-26,text-to-video,802,Pixverse C1,7,1080p,16:9,false,389,ok
2026-08-26,text-to-video,802,Pixverse C1,8,360p,16:9,true,188,ok
2026-08-26,text-to-video,802,Pixverse C1,8,360p,16:9,false,140,ok
2026-08-26,text-to-video,802,Pixverse C1,8,540p,16:9,true,234,ok
2026-08-26,text-to-video,802,Pixverse C1,8,540p,16:9,false,188,ok
2026-08-26,text-to-video,802,Pixverse C1,8,720p,16:9,true,304,ok
2026-08-26,text-to-video,802,Pixverse C1,8,720p,16:9,false,234,ok
2026-08-26,text-to-video,802,Pixverse C1,8,1080p,16:9,true,563,ok
2026-08-26,text-to-video,802,Pixverse C1,8,1080p,16:9,false,445,ok
2026-08-26,text-to-video,802,Pixverse C1,9,360p,16:9,true,211,ok
2026-08-26,text-to-video,802,Pixverse C1,9,360p,16:9,false,158,ok
2026-08-26,text-to-video,802,Pixverse C1,9,540p,16:9,true,263,ok
2026-08-26,text-to-video,802,Pixverse C1,9,540p,16:9,false,211,ok
2026-08-26,text-to-video,802,Pixverse C1,9,720p,16:9,true,342,ok
2026-08-26,text-to-video,802,Pixverse C1,9,720p,16:9,false,263,ok
2026-08-26,text-to-video,802,Pixverse C1,9,1080p,16:9,true,633,ok
2026-08-26,text-to-video,802,Pixverse C1,9,1080p,16:9,false,501,ok
2026-08-26,text-to-video,802,Pixverse C1,10,360p,16:9,true,235,ok
2026-08-26,text-to-video,802,Pixverse C1,10,360p,16:9,false,176,ok
2026-08-26,text-to-video,802,Pixverse C1,10,540p,16:9,true,293,ok
2026-08-26,text-to-video,802,Pixverse C1,10,540p,16:9,false,235,ok
2026-08-26,text-to-video,802,Pixverse C1,10,720p,16:9,true,381,ok
2026-08-26,text-to-video,802,Pixverse C1,10,720p,16:9,false,293,ok
2026-08-26,text-to-video,802,Pixverse C1,10,1080p,16:9,true,704,ok
2026-08-26,text-to-video,802,Pixverse C1,10,1080p,16:9,false,557,ok
2026-08-26,text-to-video,802,Pixverse C1,11,360p,16:9,true,258,ok
2026-08-26,text-to-video,802,Pixverse C1,11,360p,16:9,false,193,ok
2026-08-26,text-to-video,802,Pixverse C1,11,540p,16:9,true,322,ok
2026-08-26,text-to-video,802,Pixverse C1,11,540p,16:9,false,258,ok
2026-08-26,text-to-video,802,Pixverse C1,11,720p,16:9,true,419,ok
2026-08-26,text-to-video,802,Pixverse C1,11,720p,16:9,false,322,ok
2026-08-26,text-to-video,802,Pixverse C1,11,1080p,16:9,true,774,ok
2026-08-26,text-to-video,802,Pixverse C1,11,1080p,16:9,false,612,ok
2026-08-26,text-to-video,802,Pixverse C1,12,360p,16:9,true,282,ok
2026-08-26,text-to-video,802,Pixverse C1,12,360p,16:9,false,211,ok
2026-08-26,text-to-video,802,Pixverse C1,12,540p,16:9,true,351,ok
2026-08-26,text-to-video,802,Pixverse C1,12,540p,16:9,false,282,ok
2026-08-26,text-to-video,802,Pixverse C1,12,720p,16:9,true,457,ok
2026-08-26,text-to-video,802,Pixverse C1,12,720p,16:9,false,351,ok
2026-08-26,text-to-video,802,Pixverse C1,12,1080p,16:9,true,844,ok
2026-08-26,text-to-video,802,Pixverse C1,12,1080p,16:9,false,668,ok
2026-08-26,text-to-video,802,Pixverse C1,13,360p,16:9,true,305,ok
2026-08-26,text-to-video,802,Pixverse C1,13,360p,16:9,false,228,ok
2026-08-26,text-to-video,802,Pixverse C1,13,540p,16:9,true,380,ok
2026-08-26,text-to-video,802,Pixverse C1,13,540p,16:9,false,305,ok
2026-08-26,text-to-video,802,Pixverse C1,13,720p,16:9,true,495,ok
2026-08-26,text-to-video,802,Pixverse C1,13,720p,16:9,false,380,ok
2026-08-26,text-to-video,802,Pixverse C1,13,1080p,16:9,true,915,ok
2026-08-26,text-to-video,802,Pixverse C1,13,1080p,16:9,false,724,ok
2026-08-26,text-to-video,802,Pixverse C1,14,360p,16:9,true,329,ok
2026-08-26,text-to-video,802,Pixverse C1,14,360p,16:9,false,246,ok
2026-08-26,text-to-video,802,Pixverse C1,14,540p,16:9,true,410,ok
2026-08-26,text-to-video,802,Pixverse C1,14,540p,16:9,false,329,ok
2026-08-26,text-to-video,802,Pixverse C1,14,720p,16:9,true,533,ok
2026-08-26,text-to-video,802,Pixverse C1,14,720p,16:9,false,410,ok
2026-08-26,text-to-video,802,Pixverse C1,14,1080p,16:9,true,985,ok
2026-08-26,text-to-video,802,Pixverse C1,14,1080p,16:9,false,779,ok
2026-08-26,text-to-video,802,Pixverse C1,15,360p,16:9,true,352,ok
2026-08-26,text-to-video,802,Pixverse C1,15,360p,16:9,false,264,ok
2026-08-26,text-to-video,802,Pixverse C1,15,540p,16:9,true,439,ok
2026-08-26,text-to-video,802,Pixverse C1,15,540p,16:9,false,352,ok
2026-08-26,text-to-video,802,Pixverse C1,15,720p,16:9,true,571,ok
2026-08-26,text-to-video,802,Pixverse C1,15,720p,16:9,false,439,ok
2026-08-26,text-to-video,802,Pixverse C1,15,1080p,16:9,true,1056,ok
2026-08-26,text-to-video,802,Pixverse C1,15,1080p,16:9,false,835,ok
2026-08-26,text-to-video,761,Seedance 2.5,4,480p,16:9,not_billed,281,ok
2026-08-26,text-to-video,761,Seedance 2.5,4,480p,9:16,not_billed,281,ok
2026-08-26,text-to-video,761,Seedance 2.5,4,480p,4:3,not_billed,276,ok
2026-08-26,text-to-video,761,Seedance 2.5,4,480p,1:1,not_billed,268,ok
2026-08-26,text-to-video,761,Seedance 2.5,4,480p,3:4,not_billed,276,ok
2026-08-26,text-to-video,761,Seedance 2.5,4,480p,21:9,not_billed,281,ok
2026-08-26,text-to-video,761,Seedance 2.5,4,720p,16:9,not_billed,604,ok
2026-08-26,text-to-video,761,Seedance 2.5,4,720p,9:16,not_billed,604,ok
2026-08-26,text-to-video,761,Seedance 2.5,4,720p,4:3,not_billed,608,ok
2026-08-26,text-to-video,761,Seedance 2.5,4,720p,1:1,not_billed,604,ok
2026-08-26,text-to-video,761,Seedance 2.5,4,720p,3:4,not_billed,608,ok
2026-08-26,text-to-video,761,Seedance 2.5,4,720p,21:9,not_billed,607,ok
2026-08-26,text-to-video,761,Seedance 2.5,4,1080p,16:9,not_billed,1496,ok
2026-08-26,text-to-video,761,Seedance 2.5,4,1080p,9:16,not_billed,1496,ok
2026-08-26,text-to-video,761,Seedance 2.5,4,1080p,4:3,not_billed,1499,ok
2026-08-26,text-to-video,761,Seedance 2.5,4,1080p,1:1,not_billed,1496,ok
2026-08-26,text-to-video,761,Seedance 2.5,4,1080p,3:4,not_billed,1499,ok
2026-08-26,text-to-video,761,Seedance 2.5,4,1080p,21:9,not_billed,1506,ok
2026-08-26,text-to-video,761,Seedance 2.5,5,480p,16:9,not_billed,351,ok
2026-08-26,text-to-video,761,Seedance 2.5,5,480p,9:16,not_billed,351,ok
2026-08-26,text-to-video,761,Seedance 2.5,5,480p,4:3,not_billed,345,ok
2026-08-26,text-to-video,761,Seedance 2.5,5,480p,1:1,not_billed,336,ok
2026-08-26,text-to-video,761,Seedance 2.5,5,480p,3:4,not_billed,345,ok
2026-08-26,text-to-video,761,Seedance 2.5,5,480p,21:9,not_billed,351,ok
2026-08-26,text-to-video,761,Seedance 2.5,5,720p,16:9,not_billed,756,ok
2026-08-26,text-to-video,761,Seedance 2.5,5,720p,9:16,not_billed,756,ok
2026-08-26,text-to-video,761,Seedance 2.5,5,720p,4:3,not_billed,760,ok
2026-08-26,text-to-video,761,Seedance 2.5,5,720p,1:1,not_billed,756,ok
2026-08-26,text-to-video,761,Seedance 2.5,5,720p,3:4,not_billed,760,ok
2026-08-26,text-to-video,761,Seedance 2.5,5,720p,21:9,not_billed,759,ok
2026-08-26,text-to-video,761,Seedance 2.5,5,1080p,16:9,not_billed,1871,ok
2026-08-26,text-to-video,761,Seedance 2.5,5,1080p,9:16,not_billed,1871,ok
2026-08-26,text-to-video,761,Seedance 2.5,5,1080p,4:3,not_billed,1873,ok
2026-08-26,text-to-video,761,Seedance 2.5,5,1080p,1:1,not_billed,1871,ok
2026-08-26,text-to-video,761,Seedance 2.5,5,1080p,3:4,not_billed,1873,ok
2026-08-26,text-to-video,761,Seedance 2.5,5,1080p,21:9,not_billed,1883,ok
2026-08-26,text-to-video,761,Seedance 2.5,6,480p,16:9,not_billed,421,ok
2026-08-26,text-to-video,761,Seedance 2.5,6,480p,9:16,not_billed,422,ok
2026-08-26,text-to-video,761,Seedance 2.5,6,480p,4:3,not_billed,414,ok
2026-08-26,text-to-video,761,Seedance 2.5,6,480p,1:1,not_billed,403,ok
2026-08-26,text-to-video,761,Seedance 2.5,6,480p,3:4,not_billed,414,ok
2026-08-26,text-to-video,761,Seedance 2.5,6,480p,21:9,not_billed,421,ok
2026-08-26,text-to-video,761,Seedance 2.5,6,720p,16:9,not_billed,907,ok
2026-08-26,text-to-video,761,Seedance 2.5,6,720p,9:16,not_billed,907,ok
2026-08-26,text-to-video,761,Seedance 2.5,6,720p,4:3,not_billed,912,ok
2026-08-26,text-to-video,761,Seedance 2.5,6,720p,1:1,not_billed,907,ok
2026-08-26,text-to-video,761,Seedance 2.5,6,720p,3:4,not_billed,912,ok
2026-08-26,text-to-video,761,Seedance 2.5,6,720p,21:9,not_billed,911,ok
2026-08-26,text-to-video,761,Seedance 2.5,6,1080p,16:9,not_billed,2245,ok
2026-08-26,text-to-video,761,Seedance 2.5,6,1080p,9:16,not_billed,2245,ok
2026-08-26,text-to-video,761,Seedance 2.5,6,1080p,4:3,not_billed,2248,ok
2026-08-26,text-to-video,761,Seedance 2.5,6,1080p,1:1,not_billed,2245,ok
2026-08-26,text-to-video,761,Seedance 2.5,6,1080p,3:4,not_billed,2248,ok
2026-08-26,text-to-video,761,Seedance 2.5,6,1080p,21:9,not_billed,2259,ok
2026-08-26,text-to-video,761,Seedance 2.5,7,480p,16:9,not_billed,492,ok
2026-08-26,text-to-video,761,Seedance 2.5,7,480p,9:16,not_billed,492,ok
2026-08-26,text-to-video,761,Seedance 2.5,7,480p,4:3,not_billed,483,ok
2026-08-26,text-to-video,761,Seedance 2.5,7,480p,1:1,not_billed,470,ok
2026-08-26,text-to-video,761,Seedance 2.5,7,480p,3:4,not_billed,483,ok
2026-08-26,text-to-video,761,Seedance 2.5,7,480p,21:9,not_billed,492,ok
2026-08-26,text-to-video,761,Seedance 2.5,7,720p,16:9,not_billed,1058,ok
2026-08-26,text-to-video,761,Seedance 2.5,7,720p,9:16,not_billed,1058,ok
2026-08-26,text-to-video,761,Seedance 2.5,7,720p,4:3,not_billed,1065,ok
2026-08-26,text-to-video,761,Seedance 2.5,7,720p,1:1,not_billed,1058,ok
2026-08-26,text-to-video,761,Seedance 2.5,7,720p,3:4,not_billed,1065,ok
2026-08-26,text-to-video,761,Seedance 2.5,7,720p,21:9,not_billed,1063,ok
2026-08-26,text-to-video,761,Seedance 2.5,7,1080p,16:9,not_billed,2619,ok
2026-08-26,text-to-video,761,Seedance 2.5,7,1080p,9:16,not_billed,2619,ok
2026-08-26,text-to-video,761,Seedance 2.5,7,1080p,4:3,not_billed,2623,ok
2026-08-26,text-to-video,761,Seedance 2.5,7,1080p,1:1,not_billed,2619,ok
2026-08-26,text-to-video,761,Seedance 2.5,7,1080p,3:4,not_billed,2623,ok
2026-08-26,text-to-video,761,Seedance 2.5,7,1080p,21:9,not_billed,2636,ok
2026-08-26,text-to-video,761,Seedance 2.5,8,480p,16:9,not_billed,562,ok
2026-08-26,text-to-video,761,Seedance 2.5,8,480p,9:16,not_billed,563,ok
2026-08-26,text-to-video,761,Seedance 2.5,8,480p,4:3,not_billed,552,ok
2026-08-26,text-to-video,761,Seedance 2.5,8,480p,1:1,not_billed,537,ok
2026-08-26,text-to-video,761,Seedance 2.5,8,480p,3:4,not_billed,552,ok
2026-08-26,text-to-video,761,Seedance 2.5,8,480p,21:9,not_billed,562,ok
2026-08-26,text-to-video,761,Seedance 2.5,8,720p,16:9,not_billed,1209,ok
2026-08-26,text-to-video,761,Seedance 2.5,8,720p,9:16,not_billed,1209,ok
2026-08-26,text-to-video,761,Seedance 2.5,8,720p,4:3,not_billed,1217,ok
2026-08-26,text-to-video,761,Seedance 2.5,8,720p,1:1,not_billed,1209,ok
2026-08-26,text-to-video,761,Seedance 2.5,8,720p,3:4,not_billed,1217,ok
2026-08-26,text-to-video,761,Seedance 2.5,8,720p,21:9,not_billed,1215,ok
2026-08-26,text-to-video,761,Seedance 2.5,8,1080p,16:9,not_billed,2993,ok
2026-08-26,text-to-video,761,Seedance 2.5,8,1080p,9:16,not_billed,2993,ok
2026-08-26,text-to-video,761,Seedance 2.5,8,1080p,4:3,not_billed,2998,ok
2026-08-26,text-to-video,761,Seedance 2.5,8,1080p,1:1,not_billed,2993,ok
2026-08-26,text-to-video,761,Seedance 2.5,8,1080p,3:4,not_billed,2998,ok
2026-08-26,text-to-video,761,Seedance 2.5,8,1080p,21:9,not_billed,3012,ok
2026-08-26,text-to-video,761,Seedance 2.5,9,480p,16:9,not_billed,632,ok
2026-08-26,text-to-video,761,Seedance 2.5,9,480p,9:16,not_billed,633,ok
2026-08-26,text-to-video,761,Seedance 2.5,9,480p,4:3,not_billed,621,ok
2026-08-26,text-to-video,761,Seedance 2.5,9,480p,1:1,not_billed,604,ok
2026-08-26,text-to-video,761,Seedance 2.5,9,480p,3:4,not_billed,621,ok
2026-08-26,text-to-video,761,Seedance 2.5,9,480p,21:9,not_billed,632,ok
2026-08-26,text-to-video,761,Seedance 2.5,9,720p,16:9,not_billed,1360,ok
2026-08-26,text-to-video,761,Seedance 2.5,9,720p,9:16,not_billed,1360,ok
2026-08-26,text-to-video,761,Seedance 2.5,9,720p,4:3,not_billed,1369,ok
2026-08-26,text-to-video,761,Seedance 2.5,9,720p,1:1,not_billed,1360,ok
2026-08-26,text-to-video,761,Seedance 2.5,9,720p,3:4,not_billed,1369,ok
2026-08-26,text-to-video,761,Seedance 2.5,9,720p,21:9,not_billed,1367,ok
2026-08-26,text-to-video,761,Seedance 2.5,9,1080p,16:9,not_billed,3367,ok
2026-08-26,text-to-video,761,Seedance 2.5,9,1080p,9:16,not_billed,3367,ok
2026-08-26,text-to-video,761,Seedance 2.5,9,1080p,4:3,not_billed,3372,ok
2026-08-26,text-to-video,761,Seedance 2.5,9,1080p,1:1,not_billed,3367,ok
2026-08-26,text-to-video,761,Seedance 2.5,9,1080p,3:4,not_billed,3372,ok
2026-08-26,text-to-video,761,Seedance 2.5,9,1080p,21:9,not_billed,3389,ok
2026-08-26,text-to-video,761,Seedance 2.5,10,480p,16:9,not_billed,703,ok
2026-08-26,text-to-video,761,Seedance 2.5,10,480p,9:16,not_billed,703,ok
2026-08-26,text-to-video,761,Seedance 2.5,10,480p,4:3,not_billed,690,ok
2026-08-26,text-to-video,761,Seedance 2.5,10,480p,1:1,not_billed,672,ok
2026-08-26,text-to-video,761,Seedance 2.5,10,480p,3:4,not_billed,690,ok
2026-08-26,text-to-video,761,Seedance 2.5,10,480p,21:9,not_billed,703,ok
2026-08-26,text-to-video,761,Seedance 2.5,10,720p,16:9,not_billed,1512,ok
2026-08-26,text-to-video,761,Seedance 2.5,10,720p,9:16,not_billed,1512,ok
2026-08-26,text-to-video,761,Seedance 2.5,10,720p,4:3,not_billed,1521,ok
2026-08-26,text-to-video,761,Seedance 2.5,10,720p,1:1,not_billed,1512,ok
2026-08-26,text-to-video,761,Seedance 2.5,10,720p,3:4,not_billed,1521,ok
2026-08-26,text-to-video,761,Seedance 2.5,10,720p,21:9,not_billed,1519,ok
2026-08-26,text-to-video,761,Seedance 2.5,10,1080p,16:9,not_billed,3742,ok
2026-08-26,text-to-video,761,Seedance 2.5,10,1080p,9:16,not_billed,3742,ok
2026-08-26,text-to-video,761,Seedance 2.5,10,1080p,4:3,not_billed,3747,ok
2026-08-26,text-to-video,761,Seedance 2.5,10,1080p,1:1,not_billed,3742,ok
2026-08-26,text-to-video,761,Seedance 2.5,10,1080p,3:4,not_billed,3747,ok
2026-08-26,text-to-video,761,Seedance 2.5,10,1080p,21:9,not_billed,3766,ok
2026-08-26,text-to-video,761,Seedance 2.5,11,480p,16:9,not_billed,773,ok
2026-08-26,text-to-video,761,Seedance 2.5,11,480p,9:16,not_billed,774,ok
2026-08-26,text-to-video,761,Seedance 2.5,11,480p,4:3,not_billed,759,ok
2026-08-26,text-to-video,761,Seedance 2.5,11,480p,1:1,not_billed,739,ok
2026-08-26,text-to-video,761,Seedance 2.5,11,480p,3:4,not_billed,759,ok
2026-08-26,text-to-video,761,Seedance 2.5,11,480p,21:9,not_billed,773,ok
2026-08-26,text-to-video,761,Seedance 2.5,11,720p,16:9,not_billed,1663,ok
2026-08-26,text-to-video,761,Seedance 2.5,11,720p,9:16,not_billed,1663,ok
2026-08-26,text-to-video,761,Seedance 2.5,11,720p,4:3,not_billed,1673,ok
2026-08-26,text-to-video,761,Seedance 2.5,11,720p,1:1,not_billed,1663,ok
2026-08-26,text-to-video,761,Seedance 2.5,11,720p,3:4,not_billed,1673,ok
2026-08-26,text-to-video,761,Seedance 2.5,11,720p,21:9,not_billed,1671,ok
2026-08-26,text-to-video,761,Seedance 2.5,11,1080p,16:9,not_billed,4116,ok
2026-08-26,text-to-video,761,Seedance 2.5,11,1080p,9:16,not_billed,4116,ok
2026-08-26,text-to-video,761,Seedance 2.5,11,1080p,4:3,not_billed,4122,ok
2026-08-26,text-to-video,761,Seedance 2.5,11,1080p,1:1,not_billed,4116,ok
2026-08-26,text-to-video,761,Seedance 2.5,11,1080p,3:4,not_billed,4122,ok
2026-08-26,text-to-video,761,Seedance 2.5,11,1080p,21:9,not_billed,4142,ok
2026-08-26,text-to-video,761,Seedance 2.5,12,480p,16:9,not_billed,843,ok
2026-08-26,text-to-video,761,Seedance 2.5,12,480p,9:16,not_billed,844,ok
2026-08-26,text-to-video,761,Seedance 2.5,12,480p,4:3,not_billed,829,ok
2026-08-26,text-to-video,761,Seedance 2.5,12,480p,1:1,not_billed,806,ok
2026-08-26,text-to-video,761,Seedance 2.5,12,480p,3:4,not_billed,829,ok
2026-08-26,text-to-video,761,Seedance 2.5,12,480p,21:9,not_billed,843,ok
2026-08-26,text-to-video,761,Seedance 2.5,12,720p,16:9,not_billed,1814,ok
2026-08-26,text-to-video,761,Seedance 2.5,12,720p,9:16,not_billed,1814,ok
2026-08-26,text-to-video,761,Seedance 2.5,12,720p,4:3,not_billed,1825,ok
2026-08-26,text-to-video,761,Seedance 2.5,12,720p,1:1,not_billed,1814,ok
2026-08-26,text-to-video,761,Seedance 2.5,12,720p,3:4,not_billed,1825,ok
2026-08-26,text-to-video,761,Seedance 2.5,12,720p,21:9,not_billed,1823,ok
2026-08-26,text-to-video,761,Seedance 2.5,12,1080p,16:9,not_billed,4490,ok
2026-08-26,text-to-video,761,Seedance 2.5,12,1080p,9:16,not_billed,4490,ok
2026-08-26,text-to-video,761,Seedance 2.5,12,1080p,4:3,not_billed,4497,ok
2026-08-26,text-to-video,761,Seedance 2.5,12,1080p,1:1,not_billed,4490,ok
2026-08-26,text-to-video,761,Seedance 2.5,12,1080p,3:4,not_billed,4497,ok
2026-08-26,text-to-video,761,Seedance 2.5,12,1080p,21:9,not_billed,4519,ok
2026-08-26,text-to-video,761,Seedance 2.5,13,480p,16:9,not_billed,914,ok
2026-08-26,text-to-video,761,Seedance 2.5,13,480p,9:16,not_billed,915,ok
2026-08-26,text-to-video,761,Seedance 2.5,13,480p,4:3,not_billed,898,ok
2026-08-26,text-to-video,761,Seedance 2.5,13,480p,1:1,not_billed,873,ok
2026-08-26,text-to-video,761,Seedance 2.5,13,480p,3:4,not_billed,898,ok
2026-08-26,text-to-video,761,Seedance 2.5,13,480p,21:9,not_billed,914,ok
2026-08-26,text-to-video,761,Seedance 2.5,13,720p,16:9,not_billed,1965,ok
2026-08-26,text-to-video,761,Seedance 2.5,13,720p,9:16,not_billed,1965,ok
2026-08-26,text-to-video,761,Seedance 2.5,13,720p,4:3,not_billed,1977,ok
2026-08-26,text-to-video,761,Seedance 2.5,13,720p,1:1,not_billed,1965,ok
2026-08-26,text-to-video,761,Seedance 2.5,13,720p,3:4,not_billed,1977,ok
2026-08-26,text-to-video,761,Seedance 2.5,13,720p,21:9,not_billed,1975,ok
2026-08-26,text-to-video,761,Seedance 2.5,13,1080p,16:9,not_billed,4864,ok
2026-08-26,text-to-video,761,Seedance 2.5,13,1080p,9:16,not_billed,4864,ok
2026-08-26,text-to-video,761,Seedance 2.5,13,1080p,4:3,not_billed,4872,ok
2026-08-26,text-to-video,761,Seedance 2.5,13,1080p,1:1,not_billed,4864,ok
2026-08-26,text-to-video,761,Seedance 2.5,13,1080p,3:4,not_billed,4872,ok
2026-08-26,text-to-video,761,Seedance 2.5,13,1080p,21:9,not_billed,4896,ok
2026-08-26,text-to-video,761,Seedance 2.5,14,480p,16:9,not_billed,984,ok
2026-08-26,text-to-video,761,Seedance 2.5,14,480p,9:16,not_billed,985,ok
2026-08-26,text-to-video,761,Seedance 2.5,14,480p,4:3,not_billed,967,ok
2026-08-26,text-to-video,761,Seedance 2.5,14,480p,1:1,not_billed,940,ok
2026-08-26,text-to-video,761,Seedance 2.5,14,480p,3:4,not_billed,967,ok
2026-08-26,text-to-video,761,Seedance 2.5,14,480p,21:9,not_billed,984,ok
2026-08-26,text-to-video,761,Seedance 2.5,14,720p,16:9,not_billed,2116,ok
2026-08-26,text-to-video,761,Seedance 2.5,14,720p,9:16,not_billed,2116,ok
2026-08-26,text-to-video,761,Seedance 2.5,14,720p,4:3,not_billed,2130,ok
2026-08-26,text-to-video,761,Seedance 2.5,14,720p,1:1,not_billed,2116,ok
2026-08-26,text-to-video,761,Seedance 2.5,14,720p,3:4,not_billed,2130,ok
2026-08-26,text-to-video,761,Seedance 2.5,14,720p,21:9,not_billed,2127,ok
2026-08-26,text-to-video,761,Seedance 2.5,14,1080p,16:9,not_billed,5239,ok
2026-08-26,text-to-video,761,Seedance 2.5,14,1080p,9:16,not_billed,5239,ok
2026-08-26,text-to-video,761,Seedance 2.5,14,1080p,4:3,not_billed,5246,ok
2026-08-26,text-to-video,761,Seedance 2.5,14,1080p,1:1,not_billed,5239,ok
2026-08-26,text-to-video,761,Seedance 2.5,14,1080p,3:4,not_billed,5246,ok
2026-08-26,text-to-video,761,Seedance 2.5,14,1080p,21:9,not_billed,5272,ok
2026-08-26,text-to-video,761,Seedance 2.5,15,480p,16:9,not_billed,1054,ok
2026-08-26,text-to-video,761,Seedance 2.5,15,480p,9:16,not_billed,1055,ok
2026-08-26,text-to-video,761,Seedance 2.5,15,480p,4:3,not_billed,1036,ok
2026-08-26,text-to-video,761,Seedance 2.5,15,480p,1:1,not_billed,1008,ok
2026-08-26,text-to-video,761,Seedance 2.5,15,480p,3:4,not_billed,1036,ok
2026-08-26,text-to-video,761,Seedance 2.5,15,480p,21:9,not_billed,1054,ok
2026-08-26,text-to-video,761,Seedance 2.5,15,720p,16:9,not_billed,2268,ok
2026-08-26,text-to-video,761,Seedance 2.5,15,720p,9:16,not_billed,2268,ok
2026-08-26,text-to-video,761,Seedance 2.5,15,720p,4:3,not_billed,2282,ok
2026-08-26,text-to-video,761,Seedance 2.5,15,720p,1:1,not_billed,2268,ok
2026-08-26,text-to-video,761,Seedance 2.5,15,720p,3:4,not_billed,2282,ok
2026-08-26,text-to-video,761,Seedance 2.5,15,720p,21:9,not_billed,2279,ok
2026-08-26,text-to-video,761,Seedance 2.5,15,1080p,16:9,not_billed,5613,ok
2026-08-26,text-to-video,761,Seedance 2.5,15,1080p,9:16,not_billed,5613,ok
2026-08-26,text-to-video,761,Seedance 2.5,15,1080p,4:3,not_billed,5621,ok
2026-08-26,text-to-video,761,Seedance 2.5,15,1080p,1:1,not_billed,5613,ok
2026-08-26,text-to-video,761,Seedance 2.5,15,1080p,3:4,not_billed,5621,ok
2026-08-26,text-to-video,761,Seedance 2.5,15,1080p,21:9,not_billed,5649,ok
2026-08-26,text-to-video,761,Seedance 2.5,16,480p,16:9,not_billed,1124,ok
2026-08-26,text-to-video,761,Seedance 2.5,16,480p,9:16,not_billed,1126,ok
2026-08-26,text-to-video,761,Seedance 2.5,16,480p,4:3,not_billed,1105,ok
2026-08-26,text-to-video,761,Seedance 2.5,16,480p,1:1,not_billed,1075,ok
2026-08-26,text-to-video,761,Seedance 2.5,16,480p,3:4,not_billed,1105,ok
2026-08-26,text-to-video,761,Seedance 2.5,16,480p,21:9,not_billed,1124,ok
2026-08-26,text-to-video,761,Seedance 2.5,16,720p,16:9,not_billed,2419,ok
2026-08-26,text-to-video,761,Seedance 2.5,16,720p,9:16,not_billed,2419,ok
2026-08-26,text-to-video,761,Seedance 2.5,16,720p,4:3,not_billed,2434,ok
2026-08-26,text-to-video,761,Seedance 2.5,16,720p,1:1,not_billed,2419,ok
2026-08-26,text-to-video,761,Seedance 2.5,16,720p,3:4,not_billed,2434,ok
2026-08-26,text-to-video,761,Seedance 2.5,16,720p,21:9,not_billed,2431,ok
2026-08-26,text-to-video,761,Seedance 2.5,16,1080p,16:9,not_billed,5987,ok
2026-08-26,text-to-video,761,Seedance 2.5,16,1080p,9:16,not_billed,5987,ok
2026-08-26,text-to-video,761,Seedance 2.5,16,1080p,4:3,not_billed,5996,ok
2026-08-26,text-to-video,761,Seedance 2.5,16,1080p,1:1,not_billed,5987,ok
2026-08-26,text-to-video,761,Seedance 2.5,16,1080p,3:4,not_billed,5996,ok
2026-08-26,text-to-video,761,Seedance 2.5,16,1080p,21:9,not_billed,6025,ok
2026-08-26,text-to-video,761,Seedance 2.5,17,480p,16:9,not_billed,1195,ok
2026-08-26,text-to-video,761,Seedance 2.5,17,480p,9:16,not_billed,1196,ok
2026-08-26,text-to-video,761,Seedance 2.5,17,480p,4:3,not_billed,1174,ok
2026-08-26,text-to-video,761,Seedance 2.5,17,480p,1:1,not_billed,1142,ok
2026-08-26,text-to-video,761,Seedance 2.5,17,480p,3:4,not_billed,1174,ok
2026-08-26,text-to-video,761,Seedance 2.5,17,480p,21:9,not_billed,1195,ok
2026-08-26,text-to-video,761,Seedance 2.5,17,720p,16:9,not_billed,2570,ok
2026-08-26,text-to-video,761,Seedance 2.5,17,720p,9:16,not_billed,2570,ok
2026-08-26,text-to-video,761,Seedance 2.5,17,720p,4:3,not_billed,2586,ok
2026-08-26,text-to-video,761,Seedance 2.5,17,720p,1:1,not_billed,2570,ok
2026-08-26,text-to-video,761,Seedance 2.5,17,720p,3:4,not_billed,2586,ok
2026-08-26,text-to-video,761,Seedance 2.5,17,720p,21:9,not_billed,2582,ok
2026-08-26,text-to-video,761,Seedance 2.5,17,1080p,16:9,not_billed,6361,ok
2026-08-26,text-to-video,761,Seedance 2.5,17,1080p,9:16,not_billed,6361,ok
2026-08-26,text-to-video,761,Seedance 2.5,17,1080p,4:3,not_billed,6371,ok
2026-08-26,text-to-video,761,Seedance 2.5,17,1080p,1:1,not_billed,6361,ok
2026-08-26,text-to-video,761,Seedance 2.5,17,1080p,3:4,not_billed,6371,ok
2026-08-26,text-to-video,761,Seedance 2.5,17,1080p,21:9,not_billed,6402,ok
2026-08-26,text-to-video,761,Seedance 2.5,18,480p,16:9,not_billed,1265,ok
2026-08-26,text-to-video,761,Seedance 2.5,18,480p,9:16,not_billed,1267,ok
2026-08-26,text-to-video,761,Seedance 2.5,18,480p,4:3,not_billed,1243,ok
2026-08-26,text-to-video,761,Seedance 2.5,18,480p,1:1,not_billed,1209,ok
2026-08-26,text-to-video,761,Seedance 2.5,18,480p,3:4,not_billed,1243,ok
2026-08-26,text-to-video,761,Seedance 2.5,18,480p,21:9,not_billed,1265,ok
2026-08-26,text-to-video,761,Seedance 2.5,18,720p,16:9,not_billed,2721,ok
2026-08-26,text-to-video,761,Seedance 2.5,18,720p,9:16,not_billed,2721,ok
2026-08-26,text-to-video,761,Seedance 2.5,18,720p,4:3,not_billed,2738,ok
2026-08-26,text-to-video,761,Seedance 2.5,18,720p,1:1,not_billed,2721,ok
2026-08-26,text-to-video,761,Seedance 2.5,18,720p,3:4,not_billed,2738,ok
2026-08-26,text-to-video,761,Seedance 2.5,18,720p,21:9,not_billed,2734,ok
2026-08-26,text-to-video,761,Seedance 2.5,18,1080p,16:9,not_billed,6735,ok
2026-08-26,text-to-video,761,Seedance 2.5,18,1080p,9:16,not_billed,6735,ok
2026-08-26,text-to-video,761,Seedance 2.5,18,1080p,4:3,not_billed,6745,ok
2026-08-26,text-to-video,761,Seedance 2.5,18,1080p,1:1,not_billed,6735,ok
2026-08-26,text-to-video,761,Seedance 2.5,18,1080p,3:4,not_billed,6745,ok
2026-08-26,text-to-video,761,Seedance 2.5,18,1080p,21:9,not_billed,6779,ok
2026-08-26,text-to-video,761,Seedance 2.5,19,480p,16:9,not_billed,1335,ok
2026-08-26,text-to-video,761,Seedance 2.5,19,480p,9:16,not_billed,1337,ok
2026-08-26,text-to-video,761,Seedance 2.5,19,480p,4:3,not_billed,1312,ok
2026-08-26,text-to-video,761,Seedance 2.5,19,480p,1:1,not_billed,1276,ok
2026-08-26,text-to-video,761,Seedance 2.5,19,480p,3:4,not_billed,1312,ok
2026-08-26,text-to-video,761,Seedance 2.5,19,480p,21:9,not_billed,1335,ok
2026-08-26,text-to-video,761,Seedance 2.5,19,720p,16:9,not_billed,2872,ok
2026-08-26,text-to-video,761,Seedance 2.5,19,720p,9:16,not_billed,2872,ok
2026-08-26,text-to-video,761,Seedance 2.5,19,720p,4:3,not_billed,2890,ok
2026-08-26,text-to-video,761,Seedance 2.5,19,720p,1:1,not_billed,2872,ok
2026-08-26,text-to-video,761,Seedance 2.5,19,720p,3:4,not_billed,2890,ok
2026-08-26,text-to-video,761,Seedance 2.5,19,720p,21:9,not_billed,2886,ok
2026-08-26,text-to-video,761,Seedance 2.5,19,1080p,16:9,not_billed,7110,ok
2026-08-26,text-to-video,761,Seedance 2.5,19,1080p,9:16,not_billed,7110,ok
2026-08-26,text-to-video,761,Seedance 2.5,19,1080p,4:3,not_billed,7120,ok
2026-08-26,text-to-video,761,Seedance 2.5,19,1080p,1:1,not_billed,7110,ok
2026-08-26,text-to-video,761,Seedance 2.5,19,1080p,3:4,not_billed,7120,ok
2026-08-26,text-to-video,761,Seedance 2.5,19,1080p,21:9,not_billed,7155,ok
2026-08-26,text-to-video,761,Seedance 2.5,20,480p,16:9,not_billed,1406,ok
2026-08-26,text-to-video,761,Seedance 2.5,20,480p,9:16,not_billed,1407,ok
2026-08-26,text-to-video,761,Seedance 2.5,20,480p,4:3,not_billed,1381,ok
2026-08-26,text-to-video,761,Seedance 2.5,20,480p,1:1,not_billed,1344,ok
2026-08-26,text-to-video,761,Seedance 2.5,20,480p,3:4,not_billed,1381,ok
2026-08-26,text-to-video,761,Seedance 2.5,20,480p,21:9,not_billed,1406,ok
2026-08-26,text-to-video,761,Seedance 2.5,20,720p,16:9,not_billed,3024,ok
2026-08-26,text-to-video,761,Seedance 2.5,20,720p,9:16,not_billed,3024,ok
2026-08-26,text-to-video,761,Seedance 2.5,20,720p,4:3,not_billed,3043,ok
2026-08-26,text-to-video,761,Seedance 2.5,20,720p,1:1,not_billed,3024,ok
2026-08-26,text-to-video,761,Seedance 2.5,20,720p,3:4,not_billed,3043,ok
2026-08-26,text-to-video,761,Seedance 2.5,20,720p,21:9,not_billed,3038,ok
2026-08-26,text-to-video,761,Seedance 2.5,20,1080p,16:9,not_billed,7484,ok
2026-08-26,text-to-video,761,Seedance 2.5,20,1080p,9:16,not_billed,7484,ok
2026-08-26,text-to-video,761,Seedance 2.5,20,1080p,4:3,not_billed,7495,ok
2026-08-26,text-to-video,761,Seedance 2.5,20,1080p,1:1,not_billed,7484,ok
2026-08-26,text-to-video,761,Seedance 2.5,20,1080p,3:4,not_billed,7495,ok
2026-08-26,text-to-video,761,Seedance 2.5,20,1080p,21:9,not_billed,7532,ok
2026-08-26,text-to-video,761,Seedance 2.5,21,480p,16:9,not_billed,1476,ok
2026-08-26,text-to-video,761,Seedance 2.5,21,480p,9:16,not_billed,1478,ok
2026-08-26,text-to-video,761,Seedance 2.5,21,480p,4:3,not_billed,1450,ok
2026-08-26,text-to-video,761,Seedance 2.5,21,480p,1:1,not_billed,1411,ok
2026-08-26,text-to-video,761,Seedance 2.5,21,480p,3:4,not_billed,1450,ok
2026-08-26,text-to-video,761,Seedance 2.5,21,480p,21:9,not_billed,1476,ok
2026-08-26,text-to-video,761,Seedance 2.5,21,720p,16:9,not_billed,3175,ok
2026-08-26,text-to-video,761,Seedance 2.5,21,720p,9:16,not_billed,3175,ok
2026-08-26,text-to-video,761,Seedance 2.5,21,720p,4:3,not_billed,3195,ok
2026-08-26,text-to-video,761,Seedance 2.5,21,720p,1:1,not_billed,3175,ok
2026-08-26,text-to-video,761,Seedance 2.5,21,720p,3:4,not_billed,3195,ok
2026-08-26,text-to-video,761,Seedance 2.5,21,720p,21:9,not_billed,3190,ok
2026-08-26,text-to-video,761,Seedance 2.5,21,1080p,16:9,not_billed,7858,ok
2026-08-26,text-to-video,761,Seedance 2.5,21,1080p,9:16,not_billed,7858,ok
2026-08-26,text-to-video,761,Seedance 2.5,21,1080p,4:3,not_billed,7870,ok
2026-08-26,text-to-video,761,Seedance 2.5,21,1080p,1:1,not_billed,7858,ok
2026-08-26,text-to-video,761,Seedance 2.5,21,1080p,3:4,not_billed,7870,ok
2026-08-26,text-to-video,761,Seedance 2.5,21,1080p,21:9,not_billed,7908,ok
2026-08-26,text-to-video,761,Seedance 2.5,22,480p,16:9,not_billed,1546,ok
2026-08-26,text-to-video,761,Seedance 2.5,22,480p,9:16,not_billed,1548,ok
2026-08-26,text-to-video,761,Seedance 2.5,22,480p,4:3,not_billed,1519,ok
2026-08-26,text-to-video,761,Seedance 2.5,22,480p,1:1,not_billed,1478,ok
2026-08-26,text-to-video,761,Seedance 2.5,22,480p,3:4,not_billed,1519,ok
2026-08-26,text-to-video,761,Seedance 2.5,22,480p,21:9,not_billed,1546,ok
2026-08-26,text-to-video,761,Seedance 2.5,22,720p,16:9,not_billed,3326,ok
2026-08-26,text-to-video,761,Seedance 2.5,22,720p,9:16,not_billed,3326,ok
2026-08-26,text-to-video,761,Seedance 2.5,22,720p,4:3,not_billed,3347,ok
2026-08-26,text-to-video,761,Seedance 2.5,22,720p,1:1,not_billed,3326,ok
2026-08-26,text-to-video,761,Seedance 2.5,22,720p,3:4,not_billed,3347,ok
2026-08-26,text-to-video,761,Seedance 2.5,22,720p,21:9,not_billed,3342,ok
2026-08-26,text-to-video,761,Seedance 2.5,22,1080p,16:9,not_billed,8232,ok
2026-08-26,text-to-video,761,Seedance 2.5,22,1080p,9:16,not_billed,8232,ok
2026-08-26,text-to-video,761,Seedance 2.5,22,1080p,4:3,not_billed,8245,ok
2026-08-26,text-to-video,761,Seedance 2.5,22,1080p,1:1,not_billed,8232,ok
2026-08-26,text-to-video,761,Seedance 2.5,22,1080p,3:4,not_billed,8245,ok
2026-08-26,text-to-video,761,Seedance 2.5,22,1080p,21:9,not_billed,8285,ok
2026-08-26,text-to-video,761,Seedance 2.5,23,480p,16:9,not_billed,1617,ok
2026-08-26,text-to-video,761,Seedance 2.5,23,480p,9:16,not_billed,1618,ok
2026-08-26,text-to-video,761,Seedance 2.5,23,480p,4:3,not_billed,1589,ok
2026-08-26,text-to-video,761,Seedance 2.5,23,480p,1:1,not_billed,1545,ok
2026-08-26,text-to-video,761,Seedance 2.5,23,480p,3:4,not_billed,1589,ok
2026-08-26,text-to-video,761,Seedance 2.5,23,480p,21:9,not_billed,1617,ok
2026-08-26,text-to-video,761,Seedance 2.5,23,720p,16:9,not_billed,3477,ok
2026-08-26,text-to-video,761,Seedance 2.5,23,720p,9:16,not_billed,3477,ok
2026-08-26,text-to-video,761,Seedance 2.5,23,720p,4:3,not_billed,3499,ok
2026-08-26,text-to-video,761,Seedance 2.5,23,720p,1:1,not_billed,3477,ok
2026-08-26,text-to-video,761,Seedance 2.5,23,720p,3:4,not_billed,3499,ok
2026-08-26,text-to-video,761,Seedance 2.5,23,720p,21:9,not_billed,3494,ok
2026-08-26,text-to-video,761,Seedance 2.5,23,1080p,16:9,not_billed,8607,ok
2026-08-26,text-to-video,761,Seedance 2.5,23,1080p,9:16,not_billed,8607,ok
2026-08-26,text-to-video,761,Seedance 2.5,23,1080p,4:3,not_billed,8619,ok
2026-08-26,text-to-video,761,Seedance 2.5,23,1080p,1:1,not_billed,8607,ok
2026-08-26,text-to-video,761,Seedance 2.5,23,1080p,3:4,not_billed,8619,ok
2026-08-26,text-to-video,761,Seedance 2.5,23,1080p,21:9,not_billed,8662,ok
2026-08-26,text-to-video,761,Seedance 2.5,24,480p,16:9,not_billed,1687,ok
2026-08-26,text-to-video,761,Seedance 2.5,24,480p,9:16,not_billed,1689,ok
2026-08-26,text-to-video,761,Seedance 2.5,24,480p,4:3,not_billed,1658,ok
2026-08-26,text-to-video,761,Seedance 2.5,24,480p,1:1,not_billed,1612,ok
2026-08-26,text-to-video,761,Seedance 2.5,24,480p,3:4,not_billed,1658,ok
2026-08-26,text-to-video,761,Seedance 2.5,24,480p,21:9,not_billed,1687,ok
2026-08-26,text-to-video,761,Seedance 2.5,24,720p,16:9,not_billed,3628,ok
2026-08-26,text-to-video,761,Seedance 2.5,24,720p,9:16,not_billed,3628,ok
2026-08-26,text-to-video,761,Seedance 2.5,24,720p,4:3,not_billed,3651,ok
2026-08-26,text-to-video,761,Seedance 2.5,24,720p,1:1,not_billed,3628,ok
2026-08-26,text-to-video,761,Seedance 2.5,24,720p,3:4,not_billed,3651,ok
2026-08-26,text-to-video,761,Seedance 2.5,24,720p,21:9,not_billed,3646,ok
2026-08-26,text-to-video,761,Seedance 2.5,24,1080p,16:9,not_billed,8981,ok
2026-08-26,text-to-video,761,Seedance 2.5,24,1080p,9:16,not_billed,8981,ok
2026-08-26,text-to-video,761,Seedance 2.5,24,1080p,4:3,not_billed,8994,ok
2026-08-26,text-to-video,761,Seedance 2.5,24,1080p,1:1,not_billed,8981,ok
2026-08-26,text-to-video,761,Seedance 2.5,24,1080p,3:4,not_billed,8994,ok
2026-08-26,text-to-video,761,Seedance 2.5,24,1080p,21:9,not_billed,9038,ok
2026-08-26,text-to-video,761,Seedance 2.5,25,480p,16:9,not_billed,1757,ok
2026-08-26,text-to-video,761,Seedance 2.5,25,480p,9:16,not_billed,1759,ok
2026-08-26,text-to-video,761,Seedance 2.5,25,480p,4:3,not_billed,1727,ok
2026-08-26,text-to-video,761,Seedance 2.5,25,480p,1:1,not_billed,1680,ok
2026-08-26,text-to-video,761,Seedance 2.5,25,480p,3:4,not_billed,1727,ok
2026-08-26,text-to-video,761,Seedance 2.5,25,480p,21:9,not_billed,1757,ok
2026-08-26,text-to-video,761,Seedance 2.5,25,720p,16:9,not_billed,3780,ok
2026-08-26,text-to-video,761,Seedance 2.5,25,720p,9:16,not_billed,3780,ok
2026-08-26,text-to-video,761,Seedance 2.5,25,720p,4:3,not_billed,3803,ok
2026-08-26,text-to-video,761,Seedance 2.5,25,720p,1:1,not_billed,3780,ok
2026-08-26,text-to-video,761,Seedance 2.5,25,720p,3:4,not_billed,3803,ok
2026-08-26,text-to-video,761,Seedance 2.5,25,720p,21:9,not_billed,3798,ok
2026-08-26,text-to-video,761,Seedance 2.5,25,1080p,16:9,not_billed,9355,ok
2026-08-26,text-to-video,761,Seedance 2.5,25,1080p,9:16,not_billed,9355,ok
2026-08-26,text-to-video,761,Seedance 2.5,25,1080p,4:3,not_billed,9369,ok
2026-08-26,text-to-video,761,Seedance 2.5,25,1080p,1:1,not_billed,9355,ok
2026-08-26,text-to-video,761,Seedance 2.5,25,1080p,3:4,not_billed,9369,ok
2026-08-26,text-to-video,761,Seedance 2.5,25,1080p,21:9,not_billed,9415,ok
2026-08-26,text-to-video,761,Seedance 2.5,26,480p,16:9,not_billed,1828,ok
2026-08-26,text-to-video,761,Seedance 2.5,26,480p,9:16,not_billed,1830,ok
2026-08-26,text-to-video,761,Seedance 2.5,26,480p,4:3,not_billed,1796,ok
2026-08-26,text-to-video,761,Seedance 2.5,26,480p,1:1,not_billed,1747,ok
2026-08-26,text-to-video,761,Seedance 2.5,26,480p,3:4,not_billed,1796,ok
2026-08-26,text-to-video,761,Seedance 2.5,26,480p,21:9,not_billed,1828,ok
2026-08-26,text-to-video,761,Seedance 2.5,26,720p,16:9,not_billed,3931,ok
2026-08-26,text-to-video,761,Seedance 2.5,26,720p,9:16,not_billed,3931,ok
2026-08-26,text-to-video,761,Seedance 2.5,26,720p,4:3,not_billed,3955,ok
2026-08-26,text-to-video,761,Seedance 2.5,26,720p,1:1,not_billed,3931,ok
2026-08-26,text-to-video,761,Seedance 2.5,26,720p,3:4,not_billed,3955,ok
2026-08-26,text-to-video,761,Seedance 2.5,26,720p,21:9,not_billed,3950,ok
2026-08-26,text-to-video,761,Seedance 2.5,26,1080p,16:9,not_billed,9729,ok
2026-08-26,text-to-video,761,Seedance 2.5,26,1080p,9:16,not_billed,9729,ok
2026-08-26,text-to-video,761,Seedance 2.5,26,1080p,4:3,not_billed,9744,ok
2026-08-26,text-to-video,761,Seedance 2.5,26,1080p,1:1,not_billed,9729,ok
2026-08-26,text-to-video,761,Seedance 2.5,26,1080p,3:4,not_billed,9744,ok
2026-08-26,text-to-video,761,Seedance 2.5,26,1080p,21:9,not_billed,9792,ok
2026-08-26,text-to-video,761,Seedance 2.5,27,480p,16:9,not_billed,1898,ok
2026-08-26,text-to-video,761,Seedance 2.5,27,480p,9:16,not_billed,1900,ok
2026-08-26,text-to-video,761,Seedance 2.5,27,480p,4:3,not_billed,1865,ok
2026-08-26,text-to-video,761,Seedance 2.5,27,480p,1:1,not_billed,1814,ok
2026-08-26,text-to-video,761,Seedance 2.5,27,480p,3:4,not_billed,1865,ok
2026-08-26,text-to-video,761,Seedance 2.5,27,480p,21:9,not_billed,1898,ok
2026-08-26,text-to-video,761,Seedance 2.5,27,720p,16:9,not_billed,4082,ok
2026-08-26,text-to-video,761,Seedance 2.5,27,720p,9:16,not_billed,4082,ok
2026-08-26,text-to-video,761,Seedance 2.5,27,720p,4:3,not_billed,4108,ok
2026-08-26,text-to-video,761,Seedance 2.5,27,720p,1:1,not_billed,4082,ok
2026-08-26,text-to-video,761,Seedance 2.5,27,720p,3:4,not_billed,4108,ok
2026-08-26,text-to-video,761,Seedance 2.5,27,720p,21:9,not_billed,4102,ok
2026-08-26,text-to-video,761,Seedance 2.5,27,1080p,16:9,not_billed,10103,ok
2026-08-26,text-to-video,761,Seedance 2.5,27,1080p,9:16,not_billed,10103,ok
2026-08-26,text-to-video,761,Seedance 2.5,27,1080p,4:3,not_billed,10118,ok
2026-08-26,text-to-video,761,Seedance 2.5,27,1080p,1:1,not_billed,10103,ok
2026-08-26,text-to-video,761,Seedance 2.5,27,1080p,3:4,not_billed,10118,ok
2026-08-26,text-to-video,761,Seedance 2.5,27,1080p,21:9,not_billed,10168,ok
2026-08-26,text-to-video,761,Seedance 2.5,28,480p,16:9,not_billed,1968,ok
2026-08-26,text-to-video,761,Seedance 2.5,28,480p,9:16,not_billed,1970,ok
2026-08-26,text-to-video,761,Seedance 2.5,28,480p,4:3,not_billed,1934,ok
2026-08-26,text-to-video,761,Seedance 2.5,28,480p,1:1,not_billed,1881,ok
2026-08-26,text-to-video,761,Seedance 2.5,28,480p,3:4,not_billed,1934,ok
2026-08-26,text-to-video,761,Seedance 2.5,28,480p,21:9,not_billed,1968,ok
2026-08-26,text-to-video,761,Seedance 2.5,28,720p,16:9,not_billed,4233,ok
2026-08-26,text-to-video,761,Seedance 2.5,28,720p,9:16,not_billed,4233,ok
2026-08-26,text-to-video,761,Seedance 2.5,28,720p,4:3,not_billed,4260,ok
2026-08-26,text-to-video,761,Seedance 2.5,28,720p,1:1,not_billed,4233,ok
2026-08-26,text-to-video,761,Seedance 2.5,28,720p,3:4,not_billed,4260,ok
2026-08-26,text-to-video,761,Seedance 2.5,28,720p,21:9,not_billed,4254,ok
2026-08-26,text-to-video,761,Seedance 2.5,28,1080p,16:9,not_billed,10478,ok
2026-08-26,text-to-video,761,Seedance 2.5,28,1080p,9:16,not_billed,10478,ok
2026-08-26,text-to-video,761,Seedance 2.5,28,1080p,4:3,not_billed,10493,ok
2026-08-26,text-to-video,761,Seedance 2.5,28,1080p,1:1,not_billed,10478,ok
2026-08-26,text-to-video,761,Seedance 2.5,28,1080p,3:4,not_billed,10493,ok
2026-08-26,text-to-video,761,Seedance 2.5,28,1080p,21:9,not_billed,10545,ok
2026-08-26,text-to-video,761,Seedance 2.5,29,480p,16:9,not_billed,2038,ok
2026-08-26,text-to-video,761,Seedance 2.5,29,480p,9:16,not_billed,2041,ok
2026-08-26,text-to-video,761,Seedance 2.5,29,480p,4:3,not_billed,2003,ok
2026-08-26,text-to-video,761,Seedance 2.5,29,480p,1:1,not_billed,1948,ok
2026-08-26,text-to-video,761,Seedance 2.5,29,480p,3:4,not_billed,2003,ok
2026-08-26,text-to-video,761,Seedance 2.5,29,480p,21:9,not_billed,2038,ok
2026-08-26,text-to-video,761,Seedance 2.5,29,720p,16:9,not_billed,4384,ok
2026-08-26,text-to-video,761,Seedance 2.5,29,720p,9:16,not_billed,4384,ok
2026-08-26,text-to-video,761,Seedance 2.5,29,720p,4:3,not_billed,4412,ok
2026-08-26,text-to-video,761,Seedance 2.5,29,720p,1:1,not_billed,4384,ok
2026-08-26,text-to-video,761,Seedance 2.5,29,720p,3:4,not_billed,4412,ok
2026-08-26,text-to-video,761,Seedance 2.5,29,720p,21:9,not_billed,4406,ok
2026-08-26,text-to-video,761,Seedance 2.5,29,1080p,16:9,not_billed,10852,ok
2026-08-26,text-to-video,761,Seedance 2.5,29,1080p,9:16,not_billed,10852,ok
2026-08-26,text-to-video,761,Seedance 2.5,29,1080p,4:3,not_billed,10868,ok
2026-08-26,text-to-video,761,Seedance 2.5,29,1080p,1:1,not_billed,10852,ok
2026-08-26,text-to-video,761,Seedance 2.5,29,1080p,3:4,not_billed,10868,ok
2026-08-26,text-to-video,761,Seedance 2.5,29,1080p,21:9,not_billed,10921,ok
2026-08-26,text-to-video,761,Seedance 2.5,30,480p,16:9,not_billed,2109,ok
2026-08-26,text-to-video,761,Seedance 2.5,30,480p,9:16,not_billed,2111,ok
2026-08-26,text-to-video,761,Seedance 2.5,30,480p,4:3,not_billed,2072,ok
2026-08-26,text-to-video,761,Seedance 2.5,30,480p,1:1,not_billed,2016,ok
2026-08-26,text-to-video,761,Seedance 2.5,30,480p,3:4,not_billed,2072,ok
2026-08-26,text-to-video,761,Seedance 2.5,30,480p,21:9,not_billed,2109,ok
2026-08-26,text-to-video,761,Seedance 2.5,30,720p,16:9,not_billed,4536,ok
2026-08-26,text-to-video,761,Seedance 2.5,30,720p,9:16,not_billed,4536,ok
2026-08-26,text-to-video,761,Seedance 2.5,30,720p,4:3,not_billed,4564,ok
2026-08-26,text-to-video,761,Seedance 2.5,30,720p,1:1,not_billed,4536,ok
2026-08-26,text-to-video,761,Seedance 2.5,30,720p,3:4,not_billed,4564,ok
2026-08-26,text-to-video,761,Seedance 2.5,30,720p,21:9,not_billed,4558,ok
2026-08-26,text-to-video,761,Seedance 2.5,30,1080p,16:9,not_billed,11226,ok
2026-08-26,text-to-video,761,Seedance 2.5,30,1080p,9:16,not_billed,11226,ok
2026-08-26,text-to-video,761,Seedance 2.5,30,1080p,4:3,not_billed,11243,ok
2026-08-26,text-to-video,761,Seedance 2.5,30,1080p,1:1,not_billed,11226,ok
2026-08-26,text-to-video,761,Seedance 2.5,30,1080p,3:4,not_billed,11243,ok
2026-08-26,text-to-video,761,Seedance 2.5,30,1080p,21:9,not_billed,11298,ok
2026-08-26,text-to-video,752,Seedance 2.0,4,480p,16:9,not_billed,184,ok
2026-08-26,text-to-video,752,Seedance 2.0,4,480p,9:16,not_billed,185,ok
2026-08-26,text-to-video,752,Seedance 2.0,4,480p,4:3,not_billed,181,ok
2026-08-26,text-to-video,752,Seedance 2.0,4,480p,1:1,not_billed,176,ok
2026-08-26,text-to-video,752,Seedance 2.0,4,480p,3:4,not_billed,181,ok
2026-08-26,text-to-video,752,Seedance 2.0,4,480p,21:9,not_billed,184,ok
2026-08-26,text-to-video,752,Seedance 2.0,4,720p,16:9,not_billed,397,ok
2026-08-26,text-to-video,752,Seedance 2.0,4,720p,9:16,not_billed,397,ok
2026-08-26,text-to-video,752,Seedance 2.0,4,720p,4:3,not_billed,399,ok
2026-08-26,text-to-video,752,Seedance 2.0,4,720p,1:1,not_billed,397,ok
2026-08-26,text-to-video,752,Seedance 2.0,4,720p,3:4,not_billed,399,ok
2026-08-26,text-to-video,752,Seedance 2.0,4,720p,21:9,not_billed,399,ok
2026-08-26,text-to-video,752,Seedance 2.0,4,1080p,16:9,not_billed,991,ok
2026-08-26,text-to-video,752,Seedance 2.0,4,1080p,9:16,not_billed,991,ok
2026-08-26,text-to-video,752,Seedance 2.0,4,1080p,4:3,not_billed,992,ok
2026-08-26,text-to-video,752,Seedance 2.0,4,1080p,1:1,not_billed,991,ok
2026-08-26,text-to-video,752,Seedance 2.0,4,1080p,3:4,not_billed,992,ok
2026-08-26,text-to-video,752,Seedance 2.0,4,1080p,21:9,not_billed,997,ok
2026-08-26,text-to-video,752,Seedance 2.0,4,4k,16:9,not_billed,2021,ok
2026-08-26,text-to-video,752,Seedance 2.0,4,4k,9:16,not_billed,2021,ok
2026-08-26,text-to-video,752,Seedance 2.0,4,4k,4:3,not_billed,2021,ok
2026-08-26,text-to-video,752,Seedance 2.0,4,4k,1:1,not_billed,2021,ok
2026-08-26,text-to-video,752,Seedance 2.0,4,4k,3:4,not_billed,2021,ok
2026-08-26,text-to-video,752,Seedance 2.0,4,4k,21:9,not_billed,2021,ok
2026-08-26,text-to-video,752,Seedance 2.0,5,480p,16:9,not_billed,231,ok
2026-08-26,text-to-video,752,Seedance 2.0,5,480p,9:16,not_billed,231,ok
2026-08-26,text-to-video,752,Seedance 2.0,5,480p,4:3,not_billed,227,ok
2026-08-26,text-to-video,752,Seedance 2.0,5,480p,1:1,not_billed,220,ok
2026-08-26,text-to-video,752,Seedance 2.0,5,480p,3:4,not_billed,227,ok
2026-08-26,text-to-video,752,Seedance 2.0,5,480p,21:9,not_billed,231,ok
2026-08-26,text-to-video,752,Seedance 2.0,5,720p,16:9,not_billed,496,ok
2026-08-26,text-to-video,752,Seedance 2.0,5,720p,9:16,not_billed,496,ok
2026-08-26,text-to-video,752,Seedance 2.0,5,720p,4:3,not_billed,499,ok
2026-08-26,text-to-video,752,Seedance 2.0,5,720p,1:1,not_billed,496,ok
2026-08-26,text-to-video,752,Seedance 2.0,5,720p,3:4,not_billed,499,ok
2026-08-26,text-to-video,752,Seedance 2.0,5,720p,21:9,not_billed,499,ok
2026-08-26,text-to-video,752,Seedance 2.0,5,1080p,16:9,not_billed,1239,ok
2026-08-26,text-to-video,752,Seedance 2.0,5,1080p,9:16,not_billed,1239,ok
2026-08-26,text-to-video,752,Seedance 2.0,5,1080p,4:3,not_billed,1241,ok
2026-08-26,text-to-video,752,Seedance 2.0,5,1080p,1:1,not_billed,1239,ok
2026-08-26,text-to-video,752,Seedance 2.0,5,1080p,3:4,not_billed,1241,ok
2026-08-26,text-to-video,752,Seedance 2.0,5,1080p,21:9,not_billed,1247,ok
2026-08-26,text-to-video,752,Seedance 2.0,5,4k,16:9,not_billed,2527,ok
2026-08-26,text-to-video,752,Seedance 2.0,5,4k,9:16,not_billed,2527,ok
2026-08-26,text-to-video,752,Seedance 2.0,5,4k,4:3,not_billed,2527,ok
2026-08-26,text-to-video,752,Seedance 2.0,5,4k,1:1,not_billed,2527,ok
2026-08-26,text-to-video,752,Seedance 2.0,5,4k,3:4,not_billed,2527,ok
2026-08-26,text-to-video,752,Seedance 2.0,5,4k,21:9,not_billed,2527,ok
2026-08-26,text-to-video,752,Seedance 2.0,6,480p,16:9,not_billed,277,ok
2026-08-26,text-to-video,752,Seedance 2.0,6,480p,9:16,not_billed,277,ok
2026-08-26,text-to-video,752,Seedance 2.0,6,480p,4:3,not_billed,272,ok
2026-08-26,text-to-video,752,Seedance 2.0,6,480p,1:1,not_billed,264,ok
2026-08-26,text-to-video,752,Seedance 2.0,6,480p,3:4,not_billed,272,ok
2026-08-26,text-to-video,752,Seedance 2.0,6,480p,21:9,not_billed,277,ok
2026-08-26,text-to-video,752,Seedance 2.0,6,720p,16:9,not_billed,596,ok
2026-08-26,text-to-video,752,Seedance 2.0,6,720p,9:16,not_billed,596,ok
2026-08-26,text-to-video,752,Seedance 2.0,6,720p,4:3,not_billed,599,ok
2026-08-26,text-to-video,752,Seedance 2.0,6,720p,1:1,not_billed,596,ok
2026-08-26,text-to-video,752,Seedance 2.0,6,720p,3:4,not_billed,599,ok
2026-08-26,text-to-video,752,Seedance 2.0,6,720p,21:9,not_billed,599,ok
2026-08-26,text-to-video,752,Seedance 2.0,6,1080p,16:9,not_billed,1487,ok
2026-08-26,text-to-video,752,Seedance 2.0,6,1080p,9:16,not_billed,1487,ok
2026-08-26,text-to-video,752,Seedance 2.0,6,1080p,4:3,not_billed,1489,ok
2026-08-26,text-to-video,752,Seedance 2.0,6,1080p,1:1,not_billed,1487,ok
2026-08-26,text-to-video,752,Seedance 2.0,6,1080p,3:4,not_billed,1489,ok
2026-08-26,text-to-video,752,Seedance 2.0,6,1080p,21:9,not_billed,1496,ok
2026-08-26,text-to-video,752,Seedance 2.0,6,4k,16:9,not_billed,3032,ok
2026-08-26,text-to-video,752,Seedance 2.0,6,4k,9:16,not_billed,3032,ok
2026-08-26,text-to-video,752,Seedance 2.0,6,4k,4:3,not_billed,3032,ok
2026-08-26,text-to-video,752,Seedance 2.0,6,4k,1:1,not_billed,3032,ok
2026-08-26,text-to-video,752,Seedance 2.0,6,4k,3:4,not_billed,3032,ok
2026-08-26,text-to-video,752,Seedance 2.0,6,4k,21:9,not_billed,3032,ok
2026-08-26,text-to-video,752,Seedance 2.0,7,480p,16:9,not_billed,323,ok
2026-08-26,text-to-video,752,Seedance 2.0,7,480p,9:16,not_billed,323,ok
2026-08-26,text-to-video,752,Seedance 2.0,7,480p,4:3,not_billed,317,ok
2026-08-26,text-to-video,752,Seedance 2.0,7,480p,1:1,not_billed,309,ok
2026-08-26,text-to-video,752,Seedance 2.0,7,480p,3:4,not_billed,317,ok
2026-08-26,text-to-video,752,Seedance 2.0,7,480p,21:9,not_billed,323,ok
2026-08-26,text-to-video,752,Seedance 2.0,7,720p,16:9,not_billed,695,ok
2026-08-26,text-to-video,752,Seedance 2.0,7,720p,9:16,not_billed,695,ok
2026-08-26,text-to-video,752,Seedance 2.0,7,720p,4:3,not_billed,699,ok
2026-08-26,text-to-video,752,Seedance 2.0,7,720p,1:1,not_billed,695,ok
2026-08-26,text-to-video,752,Seedance 2.0,7,720p,3:4,not_billed,699,ok
2026-08-26,text-to-video,752,Seedance 2.0,7,720p,21:9,not_billed,698,ok
2026-08-26,text-to-video,752,Seedance 2.0,7,1080p,16:9,not_billed,1735,ok
2026-08-26,text-to-video,752,Seedance 2.0,7,1080p,9:16,not_billed,1735,ok
2026-08-26,text-to-video,752,Seedance 2.0,7,1080p,4:3,not_billed,1737,ok
2026-08-26,text-to-video,752,Seedance 2.0,7,1080p,1:1,not_billed,1735,ok
2026-08-26,text-to-video,752,Seedance 2.0,7,1080p,3:4,not_billed,1737,ok
2026-08-26,text-to-video,752,Seedance 2.0,7,1080p,21:9,not_billed,1746,ok
2026-08-26,text-to-video,752,Seedance 2.0,7,4k,16:9,not_billed,3538,ok
2026-08-26,text-to-video,752,Seedance 2.0,7,4k,9:16,not_billed,3538,ok
2026-08-26,text-to-video,752,Seedance 2.0,7,4k,4:3,not_billed,3538,ok
2026-08-26,text-to-video,752,Seedance 2.0,7,4k,1:1,not_billed,3538,ok
2026-08-26,text-to-video,752,Seedance 2.0,7,4k,3:4,not_billed,3538,ok
2026-08-26,text-to-video,752,Seedance 2.0,7,4k,21:9,not_billed,3538,ok
2026-08-26,text-to-video,752,Seedance 2.0,8,480p,16:9,not_billed,369,ok
2026-08-26,text-to-video,752,Seedance 2.0,8,480p,9:16,not_billed,370,ok
2026-08-26,text-to-video,752,Seedance 2.0,8,480p,4:3,not_billed,363,ok
2026-08-26,text-to-video,752,Seedance 2.0,8,480p,1:1,not_billed,353,ok
2026-08-26,text-to-video,752,Seedance 2.0,8,480p,3:4,not_billed,363,ok
2026-08-26,text-to-video,752,Seedance 2.0,8,480p,21:9,not_billed,369,ok
2026-08-26,text-to-video,752,Seedance 2.0,8,720p,16:9,not_billed,794,ok
2026-08-26,text-to-video,752,Seedance 2.0,8,720p,9:16,not_billed,794,ok
2026-08-26,text-to-video,752,Seedance 2.0,8,720p,4:3,not_billed,799,ok
2026-08-26,text-to-video,752,Seedance 2.0,8,720p,1:1,not_billed,794,ok
2026-08-26,text-to-video,752,Seedance 2.0,8,720p,3:4,not_billed,799,ok
2026-08-26,text-to-video,752,Seedance 2.0,8,720p,21:9,not_billed,798,ok
2026-08-26,text-to-video,752,Seedance 2.0,8,1080p,16:9,not_billed,1982,ok
2026-08-26,text-to-video,752,Seedance 2.0,8,1080p,9:16,not_billed,1982,ok
2026-08-26,text-to-video,752,Seedance 2.0,8,1080p,4:3,not_billed,1985,ok
2026-08-26,text-to-video,752,Seedance 2.0,8,1080p,1:1,not_billed,1982,ok
2026-08-26,text-to-video,752,Seedance 2.0,8,1080p,3:4,not_billed,1985,ok
2026-08-26,text-to-video,752,Seedance 2.0,8,1080p,21:9,not_billed,1995,ok
2026-08-26,text-to-video,752,Seedance 2.0,8,4k,16:9,not_billed,4043,ok
2026-08-26,text-to-video,752,Seedance 2.0,8,4k,9:16,not_billed,4043,ok
2026-08-26,text-to-video,752,Seedance 2.0,8,4k,4:3,not_billed,4043,ok
2026-08-26,text-to-video,752,Seedance 2.0,8,4k,1:1,not_billed,4043,ok
2026-08-26,text-to-video,752,Seedance 2.0,8,4k,3:4,not_billed,4043,ok
2026-08-26,text-to-video,752,Seedance 2.0,8,4k,21:9,not_billed,4043,ok
2026-08-26,text-to-video,752,Seedance 2.0,9,480p,16:9,not_billed,415,ok
2026-08-26,text-to-video,752,Seedance 2.0,9,480p,9:16,not_billed,416,ok
2026-08-26,text-to-video,752,Seedance 2.0,9,480p,4:3,not_billed,408,ok
2026-08-26,text-to-video,752,Seedance 2.0,9,480p,1:1,not_billed,397,ok
2026-08-26,text-to-video,752,Seedance 2.0,9,480p,3:4,not_billed,408,ok
2026-08-26,text-to-video,752,Seedance 2.0,9,480p,21:9,not_billed,415,ok
2026-08-26,text-to-video,752,Seedance 2.0,9,720p,16:9,not_billed,894,ok
2026-08-26,text-to-video,752,Seedance 2.0,9,720p,9:16,not_billed,894,ok
2026-08-26,text-to-video,752,Seedance 2.0,9,720p,4:3,not_billed,899,ok
2026-08-26,text-to-video,752,Seedance 2.0,9,720p,1:1,not_billed,894,ok
2026-08-26,text-to-video,752,Seedance 2.0,9,720p,3:4,not_billed,899,ok
2026-08-26,text-to-video,752,Seedance 2.0,9,720p,21:9,not_billed,898,ok
2026-08-26,text-to-video,752,Seedance 2.0,9,1080p,16:9,not_billed,2230,ok
2026-08-26,text-to-video,752,Seedance 2.0,9,1080p,9:16,not_billed,2230,ok
2026-08-26,text-to-video,752,Seedance 2.0,9,1080p,4:3,not_billed,2234,ok
2026-08-26,text-to-video,752,Seedance 2.0,9,1080p,1:1,not_billed,2230,ok
2026-08-26,text-to-video,752,Seedance 2.0,9,1080p,3:4,not_billed,2234,ok
2026-08-26,text-to-video,752,Seedance 2.0,9,1080p,21:9,not_billed,2245,ok
2026-08-26,text-to-video,752,Seedance 2.0,9,4k,16:9,not_billed,4548,ok
2026-08-26,text-to-video,752,Seedance 2.0,9,4k,9:16,not_billed,4548,ok
2026-08-26,text-to-video,752,Seedance 2.0,9,4k,4:3,not_billed,4549,ok
2026-08-26,text-to-video,752,Seedance 2.0,9,4k,1:1,not_billed,4548,ok
2026-08-26,text-to-video,752,Seedance 2.0,9,4k,3:4,not_billed,4549,ok
2026-08-26,text-to-video,752,Seedance 2.0,9,4k,21:9,not_billed,4549,ok
2026-08-26,text-to-video,752,Seedance 2.0,10,480p,16:9,not_billed,462,ok
2026-08-26,text-to-video,752,Seedance 2.0,10,480p,9:16,not_billed,462,ok
2026-08-26,text-to-video,752,Seedance 2.0,10,480p,4:3,not_billed,454,ok
2026-08-26,text-to-video,752,Seedance 2.0,10,480p,1:1,not_billed,441,ok
2026-08-26,text-to-video,752,Seedance 2.0,10,480p,3:4,not_billed,454,ok
2026-08-26,text-to-video,752,Seedance 2.0,10,480p,21:9,not_billed,462,ok
2026-08-26,text-to-video,752,Seedance 2.0,10,720p,16:9,not_billed,993,ok
2026-08-26,text-to-video,752,Seedance 2.0,10,720p,9:16,not_billed,993,ok
2026-08-26,text-to-video,752,Seedance 2.0,10,720p,4:3,not_billed,999,ok
2026-08-26,text-to-video,752,Seedance 2.0,10,720p,1:1,not_billed,993,ok
2026-08-26,text-to-video,752,Seedance 2.0,10,720p,3:4,not_billed,999,ok
2026-08-26,text-to-video,752,Seedance 2.0,10,720p,21:9,not_billed,998,ok
2026-08-26,text-to-video,752,Seedance 2.0,10,1080p,16:9,not_billed,2478,ok
2026-08-26,text-to-video,752,Seedance 2.0,10,1080p,9:16,not_billed,2478,ok
2026-08-26,text-to-video,752,Seedance 2.0,10,1080p,4:3,not_billed,2482,ok
2026-08-26,text-to-video,752,Seedance 2.0,10,1080p,1:1,not_billed,2478,ok
2026-08-26,text-to-video,752,Seedance 2.0,10,1080p,3:4,not_billed,2482,ok
2026-08-26,text-to-video,752,Seedance 2.0,10,1080p,21:9,not_billed,2494,ok
2026-08-26,text-to-video,752,Seedance 2.0,10,4k,16:9,not_billed,5054,ok
2026-08-26,text-to-video,752,Seedance 2.0,10,4k,9:16,not_billed,5054,ok
2026-08-26,text-to-video,752,Seedance 2.0,10,4k,4:3,not_billed,5054,ok
2026-08-26,text-to-video,752,Seedance 2.0,10,4k,1:1,not_billed,5054,ok
2026-08-26,text-to-video,752,Seedance 2.0,10,4k,3:4,not_billed,5054,ok
2026-08-26,text-to-video,752,Seedance 2.0,10,4k,21:9,not_billed,5054,ok
2026-08-26,text-to-video,752,Seedance 2.0,11,480p,16:9,not_billed,508,ok
2026-08-26,text-to-video,752,Seedance 2.0,11,480p,9:16,not_billed,508,ok
2026-08-26,text-to-video,752,Seedance 2.0,11,480p,4:3,not_billed,499,ok
2026-08-26,text-to-video,752,Seedance 2.0,11,480p,1:1,not_billed,485,ok
2026-08-26,text-to-video,752,Seedance 2.0,11,480p,3:4,not_billed,499,ok
2026-08-26,text-to-video,752,Seedance 2.0,11,480p,21:9,not_billed,508,ok
2026-08-26,text-to-video,752,Seedance 2.0,11,720p,16:9,not_billed,1092,ok
2026-08-26,text-to-video,752,Seedance 2.0,11,720p,9:16,not_billed,1092,ok
2026-08-26,text-to-video,752,Seedance 2.0,11,720p,4:3,not_billed,1099,ok
2026-08-26,text-to-video,752,Seedance 2.0,11,720p,1:1,not_billed,1092,ok
2026-08-26,text-to-video,752,Seedance 2.0,11,720p,3:4,not_billed,1099,ok
2026-08-26,text-to-video,752,Seedance 2.0,11,720p,21:9,not_billed,1098,ok
2026-08-26,text-to-video,752,Seedance 2.0,11,1080p,16:9,not_billed,2726,ok
2026-08-26,text-to-video,752,Seedance 2.0,11,1080p,9:16,not_billed,2726,ok
2026-08-26,text-to-video,752,Seedance 2.0,11,1080p,4:3,not_billed,2730,ok
2026-08-26,text-to-video,752,Seedance 2.0,11,1080p,1:1,not_billed,2726,ok
2026-08-26,text-to-video,752,Seedance 2.0,11,1080p,3:4,not_billed,2730,ok
2026-08-26,text-to-video,752,Seedance 2.0,11,1080p,21:9,not_billed,2743,ok
2026-08-26,text-to-video,752,Seedance 2.0,11,4k,16:9,not_billed,5559,ok
2026-08-26,text-to-video,752,Seedance 2.0,11,4k,9:16,not_billed,5559,ok
2026-08-26,text-to-video,752,Seedance 2.0,11,4k,4:3,not_billed,5560,ok
2026-08-26,text-to-video,752,Seedance 2.0,11,4k,1:1,not_billed,5559,ok
2026-08-26,text-to-video,752,Seedance 2.0,11,4k,3:4,not_billed,5560,ok
2026-08-26,text-to-video,752,Seedance 2.0,11,4k,21:9,not_billed,5559,ok
2026-08-26,text-to-video,752,Seedance 2.0,12,480p,16:9,not_billed,554,ok
2026-08-26,text-to-video,752,Seedance 2.0,12,480p,9:16,not_billed,555,ok
2026-08-26,text-to-video,752,Seedance 2.0,12,480p,4:3,not_billed,544,ok
2026-08-26,text-to-video,752,Seedance 2.0,12,480p,1:1,not_billed,529,ok
2026-08-26,text-to-video,752,Seedance 2.0,12,480p,3:4,not_billed,544,ok
2026-08-26,text-to-video,752,Seedance 2.0,12,480p,21:9,not_billed,554,ok
2026-08-26,text-to-video,752,Seedance 2.0,12,720p,16:9,not_billed,1192,ok
2026-08-26,text-to-video,752,Seedance 2.0,12,720p,9:16,not_billed,1192,ok
2026-08-26,text-to-video,752,Seedance 2.0,12,720p,4:3,not_billed,1199,ok
2026-08-26,text-to-video,752,Seedance 2.0,12,720p,1:1,not_billed,1192,ok
2026-08-26,text-to-video,752,Seedance 2.0,12,720p,3:4,not_billed,1199,ok
2026-08-26,text-to-video,752,Seedance 2.0,12,720p,21:9,not_billed,1198,ok
2026-08-26,text-to-video,752,Seedance 2.0,12,1080p,16:9,not_billed,2974,ok
2026-08-26,text-to-video,752,Seedance 2.0,12,1080p,9:16,not_billed,2974,ok
2026-08-26,text-to-video,752,Seedance 2.0,12,1080p,4:3,not_billed,2978,ok
2026-08-26,text-to-video,752,Seedance 2.0,12,1080p,1:1,not_billed,2974,ok
2026-08-26,text-to-video,752,Seedance 2.0,12,1080p,3:4,not_billed,2978,ok
2026-08-26,text-to-video,752,Seedance 2.0,12,1080p,21:9,not_billed,2993,ok
2026-08-26,text-to-video,752,Seedance 2.0,12,4k,16:9,not_billed,6065,ok
2026-08-26,text-to-video,752,Seedance 2.0,12,4k,9:16,not_billed,6065,ok
2026-08-26,text-to-video,752,Seedance 2.0,12,4k,4:3,not_billed,6065,ok
2026-08-26,text-to-video,752,Seedance 2.0,12,4k,1:1,not_billed,6065,ok
2026-08-26,text-to-video,752,Seedance 2.0,12,4k,3:4,not_billed,6065,ok
2026-08-26,text-to-video,752,Seedance 2.0,12,4k,21:9,not_billed,6065,ok
2026-08-26,text-to-video,752,Seedance 2.0,13,480p,16:9,not_billed,600,ok
2026-08-26,text-to-video,752,Seedance 2.0,13,480p,9:16,not_billed,601,ok
2026-08-26,text-to-video,752,Seedance 2.0,13,480p,4:3,not_billed,590,ok
2026-08-26,text-to-video,752,Seedance 2.0,13,480p,1:1,not_billed,574,ok
2026-08-26,text-to-video,752,Seedance 2.0,13,480p,3:4,not_billed,590,ok
2026-08-26,text-to-video,752,Seedance 2.0,13,480p,21:9,not_billed,600,ok
2026-08-26,text-to-video,752,Seedance 2.0,13,720p,16:9,not_billed,1291,ok
2026-08-26,text-to-video,752,Seedance 2.0,13,720p,9:16,not_billed,1291,ok
2026-08-26,text-to-video,752,Seedance 2.0,13,720p,4:3,not_billed,1299,ok
2026-08-26,text-to-video,752,Seedance 2.0,13,720p,1:1,not_billed,1291,ok
2026-08-26,text-to-video,752,Seedance 2.0,13,720p,3:4,not_billed,1299,ok
2026-08-26,text-to-video,752,Seedance 2.0,13,720p,21:9,not_billed,1297,ok
2026-08-26,text-to-video,752,Seedance 2.0,13,1080p,16:9,not_billed,3222,ok
2026-08-26,text-to-video,752,Seedance 2.0,13,1080p,9:16,not_billed,3222,ok
2026-08-26,text-to-video,752,Seedance 2.0,13,1080p,4:3,not_billed,3226,ok
2026-08-26,text-to-video,752,Seedance 2.0,13,1080p,1:1,not_billed,3222,ok
2026-08-26,text-to-video,752,Seedance 2.0,13,1080p,3:4,not_billed,3226,ok
2026-08-26,text-to-video,752,Seedance 2.0,13,1080p,21:9,not_billed,3242,ok
2026-08-26,text-to-video,752,Seedance 2.0,13,4k,16:9,not_billed,6570,ok
2026-08-26,text-to-video,752,Seedance 2.0,13,4k,9:16,not_billed,6570,ok
2026-08-26,text-to-video,752,Seedance 2.0,13,4k,4:3,not_billed,6571,ok
2026-08-26,text-to-video,752,Seedance 2.0,13,4k,1:1,not_billed,6570,ok
2026-08-26,text-to-video,752,Seedance 2.0,13,4k,3:4,not_billed,6571,ok
2026-08-26,text-to-video,752,Seedance 2.0,13,4k,21:9,not_billed,6570,ok
2026-08-26,text-to-video,752,Seedance 2.0,14,480p,16:9,not_billed,646,ok
2026-08-26,text-to-video,752,Seedance 2.0,14,480p,9:16,not_billed,647,ok
2026-08-26,text-to-video,752,Seedance 2.0,14,480p,4:3,not_billed,635,ok
2026-08-26,text-to-video,752,Seedance 2.0,14,480p,1:1,not_billed,618,ok
2026-08-26,text-to-video,752,Seedance 2.0,14,480p,3:4,not_billed,635,ok
2026-08-26,text-to-video,752,Seedance 2.0,14,480p,21:9,not_billed,646,ok
2026-08-26,text-to-video,752,Seedance 2.0,14,720p,16:9,not_billed,1391,ok
2026-08-26,text-to-video,752,Seedance 2.0,14,720p,9:16,not_billed,1391,ok
2026-08-26,text-to-video,752,Seedance 2.0,14,720p,4:3,not_billed,1399,ok
2026-08-26,text-to-video,752,Seedance 2.0,14,720p,1:1,not_billed,1391,ok
2026-08-26,text-to-video,752,Seedance 2.0,14,720p,3:4,not_billed,1399,ok
2026-08-26,text-to-video,752,Seedance 2.0,14,720p,21:9,not_billed,1397,ok
2026-08-26,text-to-video,752,Seedance 2.0,14,1080p,16:9,not_billed,3470,ok
2026-08-26,text-to-video,752,Seedance 2.0,14,1080p,9:16,not_billed,3470,ok
2026-08-26,text-to-video,752,Seedance 2.0,14,1080p,4:3,not_billed,3475,ok
2026-08-26,text-to-video,752,Seedance 2.0,14,1080p,1:1,not_billed,3470,ok
2026-08-26,text-to-video,752,Seedance 2.0,14,1080p,3:4,not_billed,3475,ok
2026-08-26,text-to-video,752,Seedance 2.0,14,1080p,21:9,not_billed,3492,ok
2026-08-26,text-to-video,752,Seedance 2.0,14,4k,16:9,not_billed,7076,ok
2026-08-26,text-to-video,752,Seedance 2.0,14,4k,9:16,not_billed,7076,ok
2026-08-26,text-to-video,752,Seedance 2.0,14,4k,4:3,not_billed,7076,ok
2026-08-26,text-to-video,752,Seedance 2.0,14,4k,1:1,not_billed,7076,ok
2026-08-26,text-to-video,752,Seedance 2.0,14,4k,3:4,not_billed,7076,ok
2026-08-26,text-to-video,752,Seedance 2.0,14,4k,21:9,not_billed,7076,ok
2026-08-26,text-to-video,752,Seedance 2.0,15,480p,16:9,not_billed,693,ok
2026-08-26,text-to-video,752,Seedance 2.0,15,480p,9:16,not_billed,693,ok
2026-08-26,text-to-video,752,Seedance 2.0,15,480p,4:3,not_billed,681,ok
2026-08-26,text-to-video,752,Seedance 2.0,15,480p,1:1,not_billed,662,ok
2026-08-26,text-to-video,752,Seedance 2.0,15,480p,3:4,not_billed,681,ok
2026-08-26,text-to-video,752,Seedance 2.0,15,480p,21:9,not_billed,693,ok
2026-08-26,text-to-video,752,Seedance 2.0,15,720p,16:9,not_billed,1490,ok
2026-08-26,text-to-video,752,Seedance 2.0,15,720p,9:16,not_billed,1490,ok
2026-08-26,text-to-video,752,Seedance 2.0,15,720p,4:3,not_billed,1499,ok
2026-08-26,text-to-video,752,Seedance 2.0,15,720p,1:1,not_billed,1490,ok
2026-08-26,text-to-video,752,Seedance 2.0,15,720p,3:4,not_billed,1499,ok
2026-08-26,text-to-video,752,Seedance 2.0,15,720p,21:9,not_billed,1497,ok
2026-08-26,text-to-video,752,Seedance 2.0,15,1080p,16:9,not_billed,3717,ok
2026-08-26,text-to-video,752,Seedance 2.0,15,1080p,9:16,not_billed,3717,ok
2026-08-26,text-to-video,752,Seedance 2.0,15,1080p,4:3,not_billed,3723,ok
2026-08-26,text-to-video,752,Seedance 2.0,15,1080p,1:1,not_billed,3717,ok
2026-08-26,text-to-video,752,Seedance 2.0,15,1080p,3:4,not_billed,3723,ok
2026-08-26,text-to-video,752,Seedance 2.0,15,1080p,21:9,not_billed,3741,ok
2026-08-26,text-to-video,752,Seedance 2.0,15,4k,16:9,not_billed,7581,ok
2026-08-26,text-to-video,752,Seedance 2.0,15,4k,9:16,not_billed,7581,ok
2026-08-26,text-to-video,752,Seedance 2.0,15,4k,4:3,not_billed,7582,ok
2026-08-26,text-to-video,752,Seedance 2.0,15,4k,1:1,not_billed,7581,ok
2026-08-26,text-to-video,752,Seedance 2.0,15,4k,3:4,not_billed,7582,ok
2026-08-26,text-to-video,752,Seedance 2.0,15,4k,21:9,not_billed,7581,ok
2026-08-26,text-to-video,755,Seedance 2.0-fast,4,480p,16:9,not_billed,148,ok
2026-08-26,text-to-video,755,Seedance 2.0-fast,4,480p,9:16,not_billed,148,ok
2026-08-26,text-to-video,755,Seedance 2.0-fast,4,480p,4:3,not_billed,146,ok
2026-08-26,text-to-video,755,Seedance 2.0-fast,4,480p,1:1,not_billed,142,ok
2026-08-26,text-to-video,755,Seedance 2.0-fast,4,480p,3:4,not_billed,146,ok
2026-08-26,text-to-video,755,Seedance 2.0-fast,4,480p,21:9,not_billed,148,ok
2026-08-26,text-to-video,755,Seedance 2.0-fast,4,720p,16:9,not_billed,319,ok
2026-08-26,text-to-video,755,Seedance 2.0-fast,4,720p,9:16,not_billed,319,ok
2026-08-26,text-to-video,755,Seedance 2.0-fast,4,720p,4:3,not_billed,321,ok
2026-08-26,text-to-video,755,Seedance 2.0-fast,4,720p,1:1,not_billed,319,ok
2026-08-26,text-to-video,755,Seedance 2.0-fast,4,720p,3:4,not_billed,321,ok
2026-08-26,text-to-video,755,Seedance 2.0-fast,4,720p,21:9,not_billed,321,ok
2026-08-26,text-to-video,755,Seedance 2.0-fast,5,480p,16:9,not_billed,185,ok
2026-08-26,text-to-video,755,Seedance 2.0-fast,5,480p,9:16,not_billed,186,ok
2026-08-26,text-to-video,755,Seedance 2.0-fast,5,480p,4:3,not_billed,182,ok
2026-08-26,text-to-video,755,Seedance 2.0-fast,5,480p,1:1,not_billed,177,ok
2026-08-26,text-to-video,755,Seedance 2.0-fast,5,480p,3:4,not_billed,182,ok
2026-08-26,text-to-video,755,Seedance 2.0-fast,5,480p,21:9,not_billed,185,ok
2026-08-26,text-to-video,755,Seedance 2.0-fast,5,720p,16:9,not_billed,399,ok
2026-08-26,text-to-video,755,Seedance 2.0-fast,5,720p,9:16,not_billed,399,ok
2026-08-26,text-to-video,755,Seedance 2.0-fast,5,720p,4:3,not_billed,402,ok
2026-08-26,text-to-video,755,Seedance 2.0-fast,5,720p,1:1,not_billed,399,ok
2026-08-26,text-to-video,755,Seedance 2.0-fast,5,720p,3:4,not_billed,402,ok
2026-08-26,text-to-video,755,Seedance 2.0-fast,5,720p,21:9,not_billed,401,ok
2026-08-26,text-to-video,755,Seedance 2.0-fast,6,480p,16:9,not_billed,222,ok
2026-08-26,text-to-video,755,Seedance 2.0-fast,6,480p,9:16,not_billed,223,ok
2026-08-26,text-to-video,755,Seedance 2.0-fast,6,480p,4:3,not_billed,219,ok
2026-08-26,text-to-video,755,Seedance 2.0-fast,6,480p,1:1,not_billed,213,ok
2026-08-26,text-to-video,755,Seedance 2.0-fast,6,480p,3:4,not_billed,219,ok
2026-08-26,text-to-video,755,Seedance 2.0-fast,6,480p,21:9,not_billed,222,ok
2026-08-26,text-to-video,755,Seedance 2.0-fast,6,720p,16:9,not_billed,479,ok
2026-08-26,text-to-video,755,Seedance 2.0-fast,6,720p,9:16,not_billed,479,ok
2026-08-26,text-to-video,755,Seedance 2.0-fast,6,720p,4:3,not_billed,482,ok
2026-08-26,text-to-video,755,Seedance 2.0-fast,6,720p,1:1,not_billed,479,ok
2026-08-26,text-to-video,755,Seedance 2.0-fast,6,720p,3:4,not_billed,482,ok
2026-08-26,text-to-video,755,Seedance 2.0-fast,6,720p,21:9,not_billed,481,ok
2026-08-26,text-to-video,755,Seedance 2.0-fast,7,480p,16:9,not_billed,260,ok
2026-08-26,text-to-video,755,Seedance 2.0-fast,7,480p,9:16,not_billed,260,ok
2026-08-26,text-to-video,755,Seedance 2.0-fast,7,480p,4:3,not_billed,255,ok
2026-08-26,text-to-video,755,Seedance 2.0-fast,7,480p,1:1,not_billed,248,ok
2026-08-26,text-to-video,755,Seedance 2.0-fast,7,480p,3:4,not_billed,255,ok
2026-08-26,text-to-video,755,Seedance 2.0-fast,7,480p,21:9,not_billed,260,ok
2026-08-26,text-to-video,755,Seedance 2.0-fast,7,720p,16:9,not_billed,559,ok
2026-08-26,text-to-video,755,Seedance 2.0-fast,7,720p,9:16,not_billed,559,ok
2026-08-26,text-to-video,755,Seedance 2.0-fast,7,720p,4:3,not_billed,562,ok
2026-08-26,text-to-video,755,Seedance 2.0-fast,7,720p,1:1,not_billed,559,ok
2026-08-26,text-to-video,755,Seedance 2.0-fast,7,720p,3:4,not_billed,562,ok
2026-08-26,text-to-video,755,Seedance 2.0-fast,7,720p,21:9,not_billed,562,ok
2026-08-26,text-to-video,755,Seedance 2.0-fast,8,480p,16:9,not_billed,297,ok
2026-08-26,text-to-video,755,Seedance 2.0-fast,8,480p,9:16,not_billed,297,ok
2026-08-26,text-to-video,755,Seedance 2.0-fast,8,480p,4:3,not_billed,292,ok
2026-08-26,text-to-video,755,Seedance 2.0-fast,8,480p,1:1,not_billed,284,ok
2026-08-26,text-to-video,755,Seedance 2.0-fast,8,480p,3:4,not_billed,292,ok
2026-08-26,text-to-video,755,Seedance 2.0-fast,8,480p,21:9,not_billed,297,ok
2026-08-26,text-to-video,755,Seedance 2.0-fast,8,720p,16:9,not_billed,639,ok
2026-08-26,text-to-video,755,Seedance 2.0-fast,8,720p,9:16,not_billed,639,ok
2026-08-26,text-to-video,755,Seedance 2.0-fast,8,720p,4:3,not_billed,643,ok
2026-08-26,text-to-video,755,Seedance 2.0-fast,8,720p,1:1,not_billed,639,ok
2026-08-26,text-to-video,755,Seedance 2.0-fast,8,720p,3:4,not_billed,643,ok
2026-08-26,text-to-video,755,Seedance 2.0-fast,8,720p,21:9,not_billed,642,ok
2026-08-26,text-to-video,755,Seedance 2.0-fast,9,480p,16:9,not_billed,334,ok
2026-08-26,text-to-video,755,Seedance 2.0-fast,9,480p,9:16,not_billed,334,ok
2026-08-26,text-to-video,755,Seedance 2.0-fast,9,480p,4:3,not_billed,328,ok
2026-08-26,text-to-video,755,Seedance 2.0-fast,9,480p,1:1,not_billed,319,ok
2026-08-26,text-to-video,755,Seedance 2.0-fast,9,480p,3:4,not_billed,328,ok
2026-08-26,text-to-video,755,Seedance 2.0-fast,9,480p,21:9,not_billed,334,ok
2026-08-26,text-to-video,755,Seedance 2.0-fast,9,720p,16:9,not_billed,719,ok
2026-08-26,text-to-video,755,Seedance 2.0-fast,9,720p,9:16,not_billed,719,ok
2026-08-26,text-to-video,755,Seedance 2.0-fast,9,720p,4:3,not_billed,723,ok
2026-08-26,text-to-video,755,Seedance 2.0-fast,9,720p,1:1,not_billed,719,ok
2026-08-26,text-to-video,755,Seedance 2.0-fast,9,720p,3:4,not_billed,723,ok
2026-08-26,text-to-video,755,Seedance 2.0-fast,9,720p,21:9,not_billed,722,ok
2026-08-26,text-to-video,755,Seedance 2.0-fast,10,480p,16:9,not_billed,371,ok
2026-08-26,text-to-video,755,Seedance 2.0-fast,10,480p,9:16,not_billed,372,ok
2026-08-26,text-to-video,755,Seedance 2.0-fast,10,480p,4:3,not_billed,365,ok
2026-08-26,text-to-video,755,Seedance 2.0-fast,10,480p,1:1,not_billed,355,ok
2026-08-26,text-to-video,755,Seedance 2.0-fast,10,480p,3:4,not_billed,365,ok
2026-08-26,text-to-video,755,Seedance 2.0-fast,10,480p,21:9,not_billed,371,ok
2026-08-26,text-to-video,755,Seedance 2.0-fast,10,720p,16:9,not_billed,799,ok
2026-08-26,text-to-video,755,Seedance 2.0-fast,10,720p,9:16,not_billed,799,ok
2026-08-26,text-to-video,755,Seedance 2.0-fast,10,720p,4:3,not_billed,804,ok
2026-08-26,text-to-video,755,Seedance 2.0-fast,10,720p,1:1,not_billed,799,ok
2026-08-26,text-to-video,755,Seedance 2.0-fast,10,720p,3:4,not_billed,804,ok
2026-08-26,text-to-video,755,Seedance 2.0-fast,10,720p,21:9,not_billed,803,ok
2026-08-26,text-to-video,755,Seedance 2.0-fast,11,480p,16:9,not_billed,408,ok
2026-08-26,text-to-video,755,Seedance 2.0-fast,11,480p,9:16,not_billed,409,ok
2026-08-26,text-to-video,755,Seedance 2.0-fast,11,480p,4:3,not_billed,401,ok
2026-08-26,text-to-video,755,Seedance 2.0-fast,11,480p,1:1,not_billed,390,ok
2026-08-26,text-to-video,755,Seedance 2.0-fast,11,480p,3:4,not_billed,401,ok
2026-08-26,text-to-video,755,Seedance 2.0-fast,11,480p,21:9,not_billed,408,ok
2026-08-26,text-to-video,755,Seedance 2.0-fast,11,720p,16:9,not_billed,879,ok
2026-08-26,text-to-video,755,Seedance 2.0-fast,11,720p,9:16,not_billed,879,ok
2026-08-26,text-to-video,755,Seedance 2.0-fast,11,720p,4:3,not_billed,884,ok
2026-08-26,text-to-video,755,Seedance 2.0-fast,11,720p,1:1,not_billed,879,ok
2026-08-26,text-to-video,755,Seedance 2.0-fast,11,720p,3:4,not_billed,884,ok
2026-08-26,text-to-video,755,Seedance 2.0-fast,11,720p,21:9,not_billed,883,ok
2026-08-26,text-to-video,755,Seedance 2.0-fast,12,480p,16:9,not_billed,445,ok
2026-08-26,text-to-video,755,Seedance 2.0-fast,12,480p,9:16,not_billed,446,ok
2026-08-26,text-to-video,755,Seedance 2.0-fast,12,480p,4:3,not_billed,438,ok
2026-08-26,text-to-video,755,Seedance 2.0-fast,12,480p,1:1,not_billed,426,ok
2026-08-26,text-to-video,755,Seedance 2.0-fast,12,480p,3:4,not_billed,438,ok
2026-08-26,text-to-video,755,Seedance 2.0-fast,12,480p,21:9,not_billed,445,ok
2026-08-26,text-to-video,755,Seedance 2.0-fast,12,720p,16:9,not_billed,959,ok
2026-08-26,text-to-video,755,Seedance 2.0-fast,12,720p,9:16,not_billed,959,ok
2026-08-26,text-to-video,755,Seedance 2.0-fast,12,720p,4:3,not_billed,965,ok
2026-08-26,text-to-video,755,Seedance 2.0-fast,12,720p,1:1,not_billed,959,ok
2026-08-26,text-to-video,755,Seedance 2.0-fast,12,720p,3:4,not_billed,965,ok
2026-08-26,text-to-video,755,Seedance 2.0-fast,12,720p,21:9,not_billed,963,ok
2026-08-26,text-to-video,755,Seedance 2.0-fast,13,480p,16:9,not_billed,483,ok
2026-08-26,text-to-video,755,Seedance 2.0-fast,13,480p,9:16,not_billed,483,ok
2026-08-26,text-to-video,755,Seedance 2.0-fast,13,480p,4:3,not_billed,474,ok
2026-08-26,text-to-video,755,Seedance 2.0-fast,13,480p,1:1,not_billed,461,ok
2026-08-26,text-to-video,755,Seedance 2.0-fast,13,480p,3:4,not_billed,474,ok
2026-08-26,text-to-video,755,Seedance 2.0-fast,13,480p,21:9,not_billed,483,ok
2026-08-26,text-to-video,755,Seedance 2.0-fast,13,720p,16:9,not_billed,1038,ok
2026-08-26,text-to-video,755,Seedance 2.0-fast,13,720p,9:16,not_billed,1038,ok
2026-08-26,text-to-video,755,Seedance 2.0-fast,13,720p,4:3,not_billed,1045,ok
2026-08-26,text-to-video,755,Seedance 2.0-fast,13,720p,1:1,not_billed,1038,ok
2026-08-26,text-to-video,755,Seedance 2.0-fast,13,720p,3:4,not_billed,1045,ok
2026-08-26,text-to-video,755,Seedance 2.0-fast,13,720p,21:9,not_billed,1044,ok
2026-08-26,text-to-video,755,Seedance 2.0-fast,14,480p,16:9,not_billed,520,ok
2026-08-26,text-to-video,755,Seedance 2.0-fast,14,480p,9:16,not_billed,520,ok
2026-08-26,text-to-video,755,Seedance 2.0-fast,14,480p,4:3,not_billed,511,ok
2026-08-26,text-to-video,755,Seedance 2.0-fast,14,480p,1:1,not_billed,497,ok
2026-08-26,text-to-video,755,Seedance 2.0-fast,14,480p,3:4,not_billed,511,ok
2026-08-26,text-to-video,755,Seedance 2.0-fast,14,480p,21:9,not_billed,520,ok
2026-08-26,text-to-video,755,Seedance 2.0-fast,14,720p,16:9,not_billed,1118,ok
2026-08-26,text-to-video,755,Seedance 2.0-fast,14,720p,9:16,not_billed,1118,ok
2026-08-26,text-to-video,755,Seedance 2.0-fast,14,720p,4:3,not_billed,1125,ok
2026-08-26,text-to-video,755,Seedance 2.0-fast,14,720p,1:1,not_billed,1118,ok
2026-08-26,text-to-video,755,Seedance 2.0-fast,14,720p,3:4,not_billed,1125,ok
2026-08-26,text-to-video,755,Seedance 2.0-fast,14,720p,21:9,not_billed,1124,ok
2026-08-26,text-to-video,755,Seedance 2.0-fast,15,480p,16:9,not_billed,557,ok
2026-08-26,text-to-video,755,Seedance 2.0-fast,15,480p,9:16,not_billed,558,ok
2026-08-26,text-to-video,755,Seedance 2.0-fast,15,480p,4:3,not_billed,547,ok
2026-08-26,text-to-video,755,Seedance 2.0-fast,15,480p,1:1,not_billed,532,ok
2026-08-26,text-to-video,755,Seedance 2.0-fast,15,480p,3:4,not_billed,547,ok
2026-08-26,text-to-video,755,Seedance 2.0-fast,15,480p,21:9,not_billed,557,ok
2026-08-26,text-to-video,755,Seedance 2.0-fast,15,720p,16:9,not_billed,1198,ok
2026-08-26,text-to-video,755,Seedance 2.0-fast,15,720p,9:16,not_billed,1198,ok
2026-08-26,text-to-video,755,Seedance 2.0-fast,15,720p,4:3,not_billed,1206,ok
2026-08-26,text-to-video,755,Seedance 2.0-fast,15,720p,1:1,not_billed,1198,ok
2026-08-26,text-to-video,755,Seedance 2.0-fast,15,720p,3:4,not_billed,1206,ok
2026-08-26,text-to-video,755,Seedance 2.0-fast,15,720p,21:9,not_billed,1204,ok
2026-08-26,text-to-video,758,Seedance 2.0-mini,4,480p,16:9,not_billed,92,ok
2026-08-26,text-to-video,758,Seedance 2.0-mini,4,480p,9:16,not_billed,92,ok
2026-08-26,text-to-video,758,Seedance 2.0-mini,4,480p,4:3,not_billed,90,ok
2026-08-26,text-to-video,758,Seedance 2.0-mini,4,480p,1:1,not_billed,88,ok
2026-08-26,text-to-video,758,Seedance 2.0-mini,4,480p,3:4,not_billed,90,ok
2026-08-26,text-to-video,758,Seedance 2.0-mini,4,480p,21:9,not_billed,92,ok
2026-08-26,text-to-video,758,Seedance 2.0-mini,4,720p,16:9,not_billed,198,ok
2026-08-26,text-to-video,758,Seedance 2.0-mini,4,720p,9:16,not_billed,198,ok
2026-08-26,text-to-video,758,Seedance 2.0-mini,4,720p,4:3,not_billed,199,ok
2026-08-26,text-to-video,758,Seedance 2.0-mini,4,720p,1:1,not_billed,198,ok
2026-08-26,text-to-video,758,Seedance 2.0-mini,4,720p,3:4,not_billed,199,ok
2026-08-26,text-to-video,758,Seedance 2.0-mini,4,720p,21:9,not_billed,199,ok
2026-08-26,text-to-video,758,Seedance 2.0-mini,5,480p,16:9,not_billed,115,ok
2026-08-26,text-to-video,758,Seedance 2.0-mini,5,480p,9:16,not_billed,115,ok
2026-08-26,text-to-video,758,Seedance 2.0-mini,5,480p,4:3,not_billed,113,ok
2026-08-26,text-to-video,758,Seedance 2.0-mini,5,480p,1:1,not_billed,110,ok
2026-08-26,text-to-video,758,Seedance 2.0-mini,5,480p,3:4,not_billed,113,ok
2026-08-26,text-to-video,758,Seedance 2.0-mini,5,480p,21:9,not_billed,115,ok
2026-08-26,text-to-video,758,Seedance 2.0-mini,5,720p,16:9,not_billed,248,ok
2026-08-26,text-to-video,758,Seedance 2.0-mini,5,720p,9:16,not_billed,248,ok
2026-08-26,text-to-video,758,Seedance 2.0-mini,5,720p,4:3,not_billed,249,ok
2026-08-26,text-to-video,758,Seedance 2.0-mini,5,720p,1:1,not_billed,248,ok
2026-08-26,text-to-video,758,Seedance 2.0-mini,5,720p,3:4,not_billed,249,ok
2026-08-26,text-to-video,758,Seedance 2.0-mini,5,720p,21:9,not_billed,249,ok
2026-08-26,text-to-video,758,Seedance 2.0-mini,6,480p,16:9,not_billed,138,ok
2026-08-26,text-to-video,758,Seedance 2.0-mini,6,480p,9:16,not_billed,138,ok
2026-08-26,text-to-video,758,Seedance 2.0-mini,6,480p,4:3,not_billed,136,ok
2026-08-26,text-to-video,758,Seedance 2.0-mini,6,480p,1:1,not_billed,132,ok
2026-08-26,text-to-video,758,Seedance 2.0-mini,6,480p,3:4,not_billed,136,ok
2026-08-26,text-to-video,758,Seedance 2.0-mini,6,480p,21:9,not_billed,138,ok
2026-08-26,text-to-video,758,Seedance 2.0-mini,6,720p,16:9,not_billed,298,ok
2026-08-26,text-to-video,758,Seedance 2.0-mini,6,720p,9:16,not_billed,298,ok
2026-08-26,text-to-video,758,Seedance 2.0-mini,6,720p,4:3,not_billed,299,ok
2026-08-26,text-to-video,758,Seedance 2.0-mini,6,720p,1:1,not_billed,298,ok
2026-08-26,text-to-video,758,Seedance 2.0-mini,6,720p,3:4,not_billed,299,ok
2026-08-26,text-to-video,758,Seedance 2.0-mini,6,720p,21:9,not_billed,299,ok
2026-08-26,text-to-video,758,Seedance 2.0-mini,7,480p,16:9,not_billed,161,ok
2026-08-26,text-to-video,758,Seedance 2.0-mini,7,480p,9:16,not_billed,161,ok
2026-08-26,text-to-video,758,Seedance 2.0-mini,7,480p,4:3,not_billed,158,ok
2026-08-26,text-to-video,758,Seedance 2.0-mini,7,480p,1:1,not_billed,154,ok
2026-08-26,text-to-video,758,Seedance 2.0-mini,7,480p,3:4,not_billed,158,ok
2026-08-26,text-to-video,758,Seedance 2.0-mini,7,480p,21:9,not_billed,161,ok
2026-08-26,text-to-video,758,Seedance 2.0-mini,7,720p,16:9,not_billed,347,ok
2026-08-26,text-to-video,758,Seedance 2.0-mini,7,720p,9:16,not_billed,347,ok
2026-08-26,text-to-video,758,Seedance 2.0-mini,7,720p,4:3,not_billed,349,ok
2026-08-26,text-to-video,758,Seedance 2.0-mini,7,720p,1:1,not_billed,347,ok
2026-08-26,text-to-video,758,Seedance 2.0-mini,7,720p,3:4,not_billed,349,ok
2026-08-26,text-to-video,758,Seedance 2.0-mini,7,720p,21:9,not_billed,349,ok
2026-08-26,text-to-video,758,Seedance 2.0-mini,8,480p,16:9,not_billed,184,ok
2026-08-26,text-to-video,758,Seedance 2.0-mini,8,480p,9:16,not_billed,185,ok
2026-08-26,text-to-video,758,Seedance 2.0-mini,8,480p,4:3,not_billed,181,ok
2026-08-26,text-to-video,758,Seedance 2.0-mini,8,480p,1:1,not_billed,176,ok
2026-08-26,text-to-video,758,Seedance 2.0-mini,8,480p,3:4,not_billed,181,ok
2026-08-26,text-to-video,758,Seedance 2.0-mini,8,480p,21:9,not_billed,184,ok
2026-08-26,text-to-video,758,Seedance 2.0-mini,8,720p,16:9,not_billed,397,ok
2026-08-26,text-to-video,758,Seedance 2.0-mini,8,720p,9:16,not_billed,397,ok
2026-08-26,text-to-video,758,Seedance 2.0-mini,8,720p,4:3,not_billed,399,ok
2026-08-26,text-to-video,758,Seedance 2.0-mini,8,720p,1:1,not_billed,397,ok
2026-08-26,text-to-video,758,Seedance 2.0-mini,8,720p,3:4,not_billed,399,ok
2026-08-26,text-to-video,758,Seedance 2.0-mini,8,720p,21:9,not_billed,399,ok
2026-08-26,text-to-video,758,Seedance 2.0-mini,9,480p,16:9,not_billed,207,ok
2026-08-26,text-to-video,758,Seedance 2.0-mini,9,480p,9:16,not_billed,208,ok
2026-08-26,text-to-video,758,Seedance 2.0-mini,9,480p,4:3,not_billed,204,ok
2026-08-26,text-to-video,758,Seedance 2.0-mini,9,480p,1:1,not_billed,198,ok
2026-08-26,text-to-video,758,Seedance 2.0-mini,9,480p,3:4,not_billed,204,ok
2026-08-26,text-to-video,758,Seedance 2.0-mini,9,480p,21:9,not_billed,207,ok
2026-08-26,text-to-video,758,Seedance 2.0-mini,9,720p,16:9,not_billed,447,ok
2026-08-26,text-to-video,758,Seedance 2.0-mini,9,720p,9:16,not_billed,447,ok
2026-08-26,text-to-video,758,Seedance 2.0-mini,9,720p,4:3,not_billed,449,ok
2026-08-26,text-to-video,758,Seedance 2.0-mini,9,720p,1:1,not_billed,447,ok
2026-08-26,text-to-video,758,Seedance 2.0-mini,9,720p,3:4,not_billed,449,ok
2026-08-26,text-to-video,758,Seedance 2.0-mini,9,720p,21:9,not_billed,449,ok
2026-08-26,text-to-video,758,Seedance 2.0-mini,10,480p,16:9,not_billed,231,ok
2026-08-26,text-to-video,758,Seedance 2.0-mini,10,480p,9:16,not_billed,231,ok
2026-08-26,text-to-video,758,Seedance 2.0-mini,10,480p,4:3,not_billed,227,ok
2026-08-26,text-to-video,758,Seedance 2.0-mini,10,480p,1:1,not_billed,220,ok
2026-08-26,text-to-video,758,Seedance 2.0-mini,10,480p,3:4,not_billed,227,ok
2026-08-26,text-to-video,758,Seedance 2.0-mini,10,480p,21:9,not_billed,231,ok
2026-08-26,text-to-video,758,Seedance 2.0-mini,10,720p,16:9,not_billed,496,ok
2026-08-26,text-to-video,758,Seedance 2.0-mini,10,720p,9:16,not_billed,496,ok
2026-08-26,text-to-video,758,Seedance 2.0-mini,10,720p,4:3,not_billed,499,ok
2026-08-26,text-to-video,758,Seedance 2.0-mini,10,720p,1:1,not_billed,496,ok
2026-08-26,text-to-video,758,Seedance 2.0-mini,10,720p,3:4,not_billed,499,ok
2026-08-26,text-to-video,758,Seedance 2.0-mini,10,720p,21:9,not_billed,499,ok
2026-08-26,text-to-video,758,Seedance 2.0-mini,11,480p,16:9,not_billed,254,ok
2026-08-26,text-to-video,758,Seedance 2.0-mini,11,480p,9:16,not_billed,254,ok
2026-08-26,text-to-video,758,Seedance 2.0-mini,11,480p,4:3,not_billed,249,ok
2026-08-26,text-to-video,758,Seedance 2.0-mini,11,480p,1:1,not_billed,242,ok
2026-08-26,text-to-video,758,Seedance 2.0-mini,11,480p,3:4,not_billed,249,ok
2026-08-26,text-to-video,758,Seedance 2.0-mini,11,480p,21:9,not_billed,254,ok
2026-08-26,text-to-video,758,Seedance 2.0-mini,11,720p,16:9,not_billed,546,ok
2026-08-26,text-to-video,758,Seedance 2.0-mini,11,720p,9:16,not_billed,546,ok
2026-08-26,text-to-video,758,Seedance 2.0-mini,11,720p,4:3,not_billed,549,ok
2026-08-26,text-to-video,758,Seedance 2.0-mini,11,720p,1:1,not_billed,546,ok
2026-08-26,text-to-video,758,Seedance 2.0-mini,11,720p,3:4,not_billed,549,ok
2026-08-26,text-to-video,758,Seedance 2.0-mini,11,720p,21:9,not_billed,549,ok
2026-08-26,text-to-video,758,Seedance 2.0-mini,12,480p,16:9,not_billed,277,ok
2026-08-26,text-to-video,758,Seedance 2.0-mini,12,480p,9:16,not_billed,277,ok
2026-08-26,text-to-video,758,Seedance 2.0-mini,12,480p,4:3,not_billed,272,ok
2026-08-26,text-to-video,758,Seedance 2.0-mini,12,480p,1:1,not_billed,264,ok
2026-08-26,text-to-video,758,Seedance 2.0-mini,12,480p,3:4,not_billed,272,ok
2026-08-26,text-to-video,758,Seedance 2.0-mini,12,480p,21:9,not_billed,277,ok
2026-08-26,text-to-video,758,Seedance 2.0-mini,12,720p,16:9,not_billed,596,ok
2026-08-26,text-to-video,758,Seedance 2.0-mini,12,720p,9:16,not_billed,596,ok
2026-08-26,text-to-video,758,Seedance 2.0-mini,12,720p,4:3,not_billed,599,ok
2026-08-26,text-to-video,758,Seedance 2.0-mini,12,720p,1:1,not_billed,596,ok
2026-08-26,text-to-video,758,Seedance 2.0-mini,12,720p,3:4,not_billed,599,ok
2026-08-26,text-to-video,758,Seedance 2.0-mini,12,720p,21:9,not_billed,599,ok
2026-08-26,text-to-video,758,Seedance 2.0-mini,13,480p,16:9,not_billed,300,ok
2026-08-26,text-to-video,758,Seedance 2.0-mini,13,480p,9:16,not_billed,300,ok
2026-08-26,text-to-video,758,Seedance 2.0-mini,13,480p,4:3,not_billed,295,ok
2026-08-26,text-to-video,758,Seedance 2.0-mini,13,480p,1:1,not_billed,287,ok
2026-08-26,text-to-video,758,Seedance 2.0-mini,13,480p,3:4,not_billed,295,ok
2026-08-26,text-to-video,758,Seedance 2.0-mini,13,480p,21:9,not_billed,300,ok
2026-08-26,text-to-video,758,Seedance 2.0-mini,13,720p,16:9,not_billed,645,ok
2026-08-26,text-to-video,758,Seedance 2.0-mini,13,720p,9:16,not_billed,645,ok
2026-08-26,text-to-video,758,Seedance 2.0-mini,13,720p,4:3,not_billed,649,ok
2026-08-26,text-to-video,758,Seedance 2.0-mini,13,720p,1:1,not_billed,645,ok
2026-08-26,text-to-video,758,Seedance 2.0-mini,13,720p,3:4,not_billed,649,ok
2026-08-26,text-to-video,758,Seedance 2.0-mini,13,720p,21:9,not_billed,648,ok
2026-08-26,text-to-video,758,Seedance 2.0-mini,14,480p,16:9,not_billed,323,ok
2026-08-26,text-to-video,758,Seedance 2.0-mini,14,480p,9:16,not_billed,323,ok
2026-08-26,text-to-video,758,Seedance 2.0-mini,14,480p,4:3,not_billed,317,ok
2026-08-26,text-to-video,758,Seedance 2.0-mini,14,480p,1:1,not_billed,309,ok
2026-08-26,text-to-video,758,Seedance 2.0-mini,14,480p,3:4,not_billed,317,ok
2026-08-26,text-to-video,758,Seedance 2.0-mini,14,480p,21:9,not_billed,323,ok
2026-08-26,text-to-video,758,Seedance 2.0-mini,14,720p,16:9,not_billed,695,ok
2026-08-26,text-to-video,758,Seedance 2.0-mini,14,720p,9:16,not_billed,695,ok
2026-08-26,text-to-video,758,Seedance 2.0-mini,14,720p,4:3,not_billed,699,ok
2026-08-26,text-to-video,758,Seedance 2.0-mini,14,720p,1:1,not_billed,695,ok
2026-08-26,text-to-video,758,Seedance 2.0-mini,14,720p,3:4,not_billed,699,ok
2026-08-26,text-to-video,758,Seedance 2.0-mini,14,720p,21:9,not_billed,698,ok
2026-08-26,text-to-video,758,Seedance 2.0-mini,15,480p,16:9,not_billed,346,ok
2026-08-26,text-to-video,758,Seedance 2.0-mini,15,480p,9:16,not_billed,346,ok
2026-08-26,text-to-video,758,Seedance 2.0-mini,15,480p,4:3,not_billed,340,ok
2026-08-26,text-to-video,758,Seedance 2.0-mini,15,480p,1:1,not_billed,331,ok
2026-08-26,text-to-video,758,Seedance 2.0-mini,15,480p,3:4,not_billed,340,ok
2026-08-26,text-to-video,758,Seedance 2.0-mini,15,480p,21:9,not_billed,346,ok
2026-08-26,text-to-video,758,Seedance 2.0-mini,15,720p,16:9,not_billed,745,ok
2026-08-26,text-to-video,758,Seedance 2.0-mini,15,720p,9:16,not_billed,745,ok
2026-08-26,text-to-video,758,Seedance 2.0-mini,15,720p,4:3,not_billed,749,ok
2026-08-26,text-to-video,758,Seedance 2.0-mini,15,720p,1:1,not_billed,745,ok
2026-08-26,text-to-video,758,Seedance 2.0-mini,15,720p,3:4,not_billed,749,ok
2026-08-26,text-to-video,758,Seedance 2.0-mini,15,720p,21:9,not_billed,748,ok
2026-08-26,image-to-video,200212,万相 3.0,-1,480P,adaptive,not_billed,900,ok
2026-08-26,image-to-video,200212,万相 3.0,-1,720P,adaptive,not_billed,1800,ok
2026-08-26,image-to-video,200212,万相 3.0,-1,1080P,adaptive,not_billed,3600,ok
2026-08-26,image-to-video,200212,万相 3.0,2,480P,adaptive,not_billed,60,ok
2026-08-26,image-to-video,200212,万相 3.0,2,720P,adaptive,not_billed,120,ok
2026-08-26,image-to-video,200212,万相 3.0,2,1080P,adaptive,not_billed,240,ok
2026-08-26,image-to-video,200212,万相 3.0,3,480P,adaptive,not_billed,90,ok
2026-08-26,image-to-video,200212,万相 3.0,3,720P,adaptive,not_billed,180,ok
2026-08-26,image-to-video,200212,万相 3.0,3,1080P,adaptive,not_billed,360,ok
2026-08-26,image-to-video,200212,万相 3.0,4,480P,adaptive,not_billed,120,ok
2026-08-26,image-to-video,200212,万相 3.0,4,720P,adaptive,not_billed,240,ok
2026-08-26,image-to-video,200212,万相 3.0,4,1080P,adaptive,not_billed,480,ok
2026-08-26,image-to-video,200212,万相 3.0,5,480P,adaptive,not_billed,150,ok
2026-08-26,image-to-video,200212,万相 3.0,5,720P,adaptive,not_billed,300,ok
2026-08-26,image-to-video,200212,万相 3.0,5,1080P,adaptive,not_billed,600,ok
2026-08-26,image-to-video,200212,万相 3.0,6,480P,adaptive,not_billed,180,ok
2026-08-26,image-to-video,200212,万相 3.0,6,720P,adaptive,not_billed,360,ok
2026-08-26,image-to-video,200212,万相 3.0,6,1080P,adaptive,not_billed,720,ok
2026-08-26,image-to-video,200212,万相 3.0,7,480P,adaptive,not_billed,210,ok
2026-08-26,image-to-video,200212,万相 3.0,7,720P,adaptive,not_billed,420,ok
2026-08-26,image-to-video,200212,万相 3.0,7,1080P,adaptive,not_billed,840,ok
2026-08-26,image-to-video,200212,万相 3.0,8,480P,adaptive,not_billed,240,ok
2026-08-26,image-to-video,200212,万相 3.0,8,720P,adaptive,not_billed,480,ok
2026-08-26,image-to-video,200212,万相 3.0,8,1080P,adaptive,not_billed,960,ok
2026-08-26,image-to-video,200212,万相 3.0,9,480P,adaptive,not_billed,270,ok
2026-08-26,image-to-video,200212,万相 3.0,9,720P,adaptive,not_billed,540,ok
2026-08-26,image-to-video,200212,万相 3.0,9,1080P,adaptive,not_billed,1080,ok
2026-08-26,image-to-video,200212,万相 3.0,10,480P,adaptive,not_billed,300,ok
2026-08-26,image-to-video,200212,万相 3.0,10,720P,adaptive,not_billed,600,ok
2026-08-26,image-to-video,200212,万相 3.0,10,1080P,adaptive,not_billed,1200,ok
2026-08-26,image-to-video,200212,万相 3.0,11,480P,adaptive,not_billed,330,ok
2026-08-26,image-to-video,200212,万相 3.0,11,720P,adaptive,not_billed,660,ok
2026-08-26,image-to-video,200212,万相 3.0,11,1080P,adaptive,not_billed,1320,ok
2026-08-26,image-to-video,200212,万相 3.0,12,480P,adaptive,not_billed,360,ok
2026-08-26,image-to-video,200212,万相 3.0,12,720P,adaptive,not_billed,720,ok
2026-08-26,image-to-video,200212,万相 3.0,12,1080P,adaptive,not_billed,1440,ok
2026-08-26,image-to-video,200212,万相 3.0,13,480P,adaptive,not_billed,390,ok
2026-08-26,image-to-video,200212,万相 3.0,13,720P,adaptive,not_billed,780,ok
2026-08-26,image-to-video,200212,万相 3.0,13,1080P,adaptive,not_billed,1560,ok
2026-08-26,image-to-video,200212,万相 3.0,14,480P,adaptive,not_billed,420,ok
2026-08-26,image-to-video,200212,万相 3.0,14,720P,adaptive,not_billed,840,ok
2026-08-26,image-to-video,200212,万相 3.0,14,1080P,adaptive,not_billed,1680,ok
2026-08-26,image-to-video,200212,万相 3.0,15,480P,adaptive,not_billed,450,ok
2026-08-26,image-to-video,200212,万相 3.0,15,720P,adaptive,not_billed,900,ok
2026-08-26,image-to-video,200212,万相 3.0,15,1080P,adaptive,not_billed,1800,ok
2026-08-26,image-to-video,200212,万相 3.0,16,480P,adaptive,not_billed,480,ok
2026-08-26,image-to-video,200212,万相 3.0,16,720P,adaptive,not_billed,960,ok
2026-08-26,image-to-video,200212,万相 3.0,16,1080P,adaptive,not_billed,1920,ok
2026-08-26,image-to-video,200212,万相 3.0,17,480P,adaptive,not_billed,510,ok
2026-08-26,image-to-video,200212,万相 3.0,17,720P,adaptive,not_billed,1020,ok
2026-08-26,image-to-video,200212,万相 3.0,17,1080P,adaptive,not_billed,2040,ok
2026-08-26,image-to-video,200212,万相 3.0,18,480P,adaptive,not_billed,540,ok
2026-08-26,image-to-video,200212,万相 3.0,18,720P,adaptive,not_billed,1080,ok
2026-08-26,image-to-video,200212,万相 3.0,18,1080P,adaptive,not_billed,2160,ok
2026-08-26,image-to-video,200212,万相 3.0,19,480P,adaptive,not_billed,570,ok
2026-08-26,image-to-video,200212,万相 3.0,19,720P,adaptive,not_billed,1140,ok
2026-08-26,image-to-video,200212,万相 3.0,19,1080P,adaptive,not_billed,2280,ok
2026-08-26,image-to-video,200212,万相 3.0,20,480P,adaptive,not_billed,600,ok
2026-08-26,image-to-video,200212,万相 3.0,20,720P,adaptive,not_billed,1200,ok
2026-08-26,image-to-video,200212,万相 3.0,20,1080P,adaptive,not_billed,2400,ok
2026-08-26,image-to-video,200212,万相 3.0,21,480P,adaptive,not_billed,630,ok
2026-08-26,image-to-video,200212,万相 3.0,21,720P,adaptive,not_billed,1260,ok
2026-08-26,image-to-video,200212,万相 3.0,21,1080P,adaptive,not_billed,2520,ok
2026-08-26,image-to-video,200212,万相 3.0,22,480P,adaptive,not_billed,660,ok
2026-08-26,image-to-video,200212,万相 3.0,22,720P,adaptive,not_billed,1320,ok
2026-08-26,image-to-video,200212,万相 3.0,22,1080P,adaptive,not_billed,2640,ok
2026-08-26,image-to-video,200212,万相 3.0,23,480P,adaptive,not_billed,690,ok
2026-08-26,image-to-video,200212,万相 3.0,23,720P,adaptive,not_billed,1380,ok
2026-08-26,image-to-video,200212,万相 3.0,23,1080P,adaptive,not_billed,2760,ok
2026-08-26,image-to-video,200212,万相 3.0,24,480P,adaptive,not_billed,720,ok
2026-08-26,image-to-video,200212,万相 3.0,24,720P,adaptive,not_billed,1440,ok
2026-08-26,image-to-video,200212,万相 3.0,24,1080P,adaptive,not_billed,2880,ok
2026-08-26,image-to-video,200212,万相 3.0,25,480P,adaptive,not_billed,750,ok
2026-08-26,image-to-video,200212,万相 3.0,25,720P,adaptive,not_billed,1500,ok
2026-08-26,image-to-video,200212,万相 3.0,25,1080P,adaptive,not_billed,3000,ok
2026-08-26,image-to-video,200212,万相 3.0,26,480P,adaptive,not_billed,780,ok
2026-08-26,image-to-video,200212,万相 3.0,26,720P,adaptive,not_billed,1560,ok
2026-08-26,image-to-video,200212,万相 3.0,26,1080P,adaptive,not_billed,3120,ok
2026-08-26,image-to-video,200212,万相 3.0,27,480P,adaptive,not_billed,810,ok
2026-08-26,image-to-video,200212,万相 3.0,27,720P,adaptive,not_billed,1620,ok
2026-08-26,image-to-video,200212,万相 3.0,27,1080P,adaptive,not_billed,3240,ok
2026-08-26,image-to-video,200212,万相 3.0,28,480P,adaptive,not_billed,840,ok
2026-08-26,image-to-video,200212,万相 3.0,28,720P,adaptive,not_billed,1680,ok
2026-08-26,image-to-video,200212,万相 3.0,28,1080P,adaptive,not_billed,3360,ok
2026-08-26,image-to-video,200212,万相 3.0,29,480P,adaptive,not_billed,870,ok
2026-08-26,image-to-video,200212,万相 3.0,29,720P,adaptive,not_billed,1740,ok
2026-08-26,image-to-video,200212,万相 3.0,29,1080P,adaptive,not_billed,3480,ok
2026-08-26,image-to-video,200212,万相 3.0,30,480P,adaptive,not_billed,900,ok
2026-08-26,image-to-video,200212,万相 3.0,30,720P,adaptive,not_billed,1800,ok
2026-08-26,image-to-video,200212,万相 3.0,30,1080P,adaptive,not_billed,3600,ok
2026-08-26,image-to-video,468,MiniMax-H3,4,768P,,not_billed,200,ok
2026-08-26,image-to-video,468,MiniMax-H3,4,2K,,not_billed,320,ok
2026-08-26,image-to-video,468,MiniMax-H3,5,768P,,not_billed,250,ok
2026-08-26,image-to-video,468,MiniMax-H3,5,2K,,not_billed,400,ok
2026-08-26,image-to-video,468,MiniMax-H3,6,768P,,not_billed,300,ok
2026-08-26,image-to-video,468,MiniMax-H3,6,2K,,not_billed,480,ok
2026-08-26,image-to-video,468,MiniMax-H3,7,768P,,not_billed,350,ok
2026-08-26,image-to-video,468,MiniMax-H3,7,2K,,not_billed,560,ok
2026-08-26,image-to-video,468,MiniMax-H3,8,768P,,not_billed,400,ok
2026-08-26,image-to-video,468,MiniMax-H3,8,2K,,not_billed,640,ok
2026-08-26,image-to-video,468,MiniMax-H3,9,768P,,not_billed,450,ok
2026-08-26,image-to-video,468,MiniMax-H3,9,2K,,not_billed,720,ok
2026-08-26,image-to-video,468,MiniMax-H3,10,768P,,not_billed,500,ok
2026-08-26,image-to-video,468,MiniMax-H3,10,2K,,not_billed,800,ok
2026-08-26,image-to-video,468,MiniMax-H3,11,768P,,not_billed,550,ok
2026-08-26,image-to-video,468,MiniMax-H3,11,2K,,not_billed,880,ok
2026-08-26,image-to-video,468,MiniMax-H3,12,768P,,not_billed,600,ok
2026-08-26,image-to-video,468,MiniMax-H3,12,2K,,not_billed,960,ok
2026-08-26,image-to-video,468,MiniMax-H3,13,768P,,not_billed,650,ok
2026-08-26,image-to-video,468,MiniMax-H3,13,2K,,not_billed,1040,ok
2026-08-26,image-to-video,468,MiniMax-H3,14,768P,,not_billed,700,ok
2026-08-26,image-to-video,468,MiniMax-H3,14,2K,,not_billed,1120,ok
2026-08-26,image-to-video,468,MiniMax-H3,15,768P,,not_billed,750,ok
2026-08-26,image-to-video,468,MiniMax-H3,15,2K,,not_billed,1200,ok
2026-08-26,image-to-video,803,Pixverse C1,1,360p,,true,23,ok
2026-08-26,image-to-video,803,Pixverse C1,1,360p,,false,17,ok
2026-08-26,image-to-video,803,Pixverse C1,1,540p,,true,29,ok
2026-08-26,image-to-video,803,Pixverse C1,1,540p,,false,23,ok
2026-08-26,image-to-video,803,Pixverse C1,1,720p,,true,38,ok
2026-08-26,image-to-video,803,Pixverse C1,1,720p,,false,29,ok
2026-08-26,image-to-video,803,Pixverse C1,1,1080p,,true,70,ok
2026-08-26,image-to-video,803,Pixverse C1,1,1080p,,false,55,ok
2026-08-26,image-to-video,803,Pixverse C1,2,360p,,true,47,ok
2026-08-26,image-to-video,803,Pixverse C1,2,360p,,false,35,ok
2026-08-26,image-to-video,803,Pixverse C1,2,540p,,true,58,ok
2026-08-26,image-to-video,803,Pixverse C1,2,540p,,false,47,ok
2026-08-26,image-to-video,803,Pixverse C1,2,720p,,true,76,ok
2026-08-26,image-to-video,803,Pixverse C1,2,720p,,false,58,ok
2026-08-26,image-to-video,803,Pixverse C1,2,1080p,,true,140,ok
2026-08-26,image-to-video,803,Pixverse C1,2,1080p,,false,111,ok
2026-08-26,image-to-video,803,Pixverse C1,3,360p,,true,70,ok
2026-08-26,image-to-video,803,Pixverse C1,3,360p,,false,52,ok
2026-08-26,image-to-video,803,Pixverse C1,3,540p,,true,87,ok
2026-08-26,image-to-video,803,Pixverse C1,3,540p,,false,70,ok
2026-08-26,image-to-video,803,Pixverse C1,3,720p,,true,114,ok
2026-08-26,image-to-video,803,Pixverse C1,3,720p,,false,87,ok
2026-08-26,image-to-video,803,Pixverse C1,3,1080p,,true,211,ok
2026-08-26,image-to-video,803,Pixverse C1,3,1080p,,false,167,ok
2026-08-26,image-to-video,803,Pixverse C1,4,360p,,true,94,ok
2026-08-26,image-to-video,803,Pixverse C1,4,360p,,false,70,ok
2026-08-26,image-to-video,803,Pixverse C1,4,540p,,true,117,ok
2026-08-26,image-to-video,803,Pixverse C1,4,540p,,false,94,ok
2026-08-26,image-to-video,803,Pixverse C1,4,720p,,true,152,ok
2026-08-26,image-to-video,803,Pixverse C1,4,720p,,false,117,ok
2026-08-26,image-to-video,803,Pixverse C1,4,1080p,,true,281,ok
2026-08-26,image-to-video,803,Pixverse C1,4,1080p,,false,222,ok
2026-08-26,image-to-video,803,Pixverse C1,5,360p,,true,117,ok
2026-08-26,image-to-video,803,Pixverse C1,5,360p,,false,88,ok
2026-08-26,image-to-video,803,Pixverse C1,5,540p,,true,146,ok
2026-08-26,image-to-video,803,Pixverse C1,5,540p,,false,117,ok
2026-08-26,image-to-video,803,Pixverse C1,5,720p,,true,190,ok
2026-08-26,image-to-video,803,Pixverse C1,5,720p,,false,146,ok
2026-08-26,image-to-video,803,Pixverse C1,5,1080p,,true,352,ok
2026-08-26,image-to-video,803,Pixverse C1,5,1080p,,false,278,ok
2026-08-26,image-to-video,803,Pixverse C1,6,360p,,true,141,ok
2026-08-26,image-to-video,803,Pixverse C1,6,360p,,false,105,ok
2026-08-26,image-to-video,803,Pixverse C1,6,540p,,true,175,ok
2026-08-26,image-to-video,803,Pixverse C1,6,540p,,false,141,ok
2026-08-26,image-to-video,803,Pixverse C1,6,720p,,true,228,ok
2026-08-26,image-to-video,803,Pixverse C1,6,720p,,false,175,ok
2026-08-26,image-to-video,803,Pixverse C1,6,1080p,,true,422,ok
2026-08-26,image-to-video,803,Pixverse C1,6,1080p,,false,334,ok
2026-08-26,image-to-video,803,Pixverse C1,7,360p,,true,164,ok
2026-08-26,image-to-video,803,Pixverse C1,7,360p,,false,123,ok
2026-08-26,image-to-video,803,Pixverse C1,7,540p,,true,205,ok
2026-08-26,image-to-video,803,Pixverse C1,7,540p,,false,164,ok
2026-08-26,image-to-video,803,Pixverse C1,7,720p,,true,266,ok
2026-08-26,image-to-video,803,Pixverse C1,7,720p,,false,205,ok
2026-08-26,image-to-video,803,Pixverse C1,7,1080p,,true,492,ok
2026-08-26,image-to-video,803,Pixverse C1,7,1080p,,false,389,ok
2026-08-26,image-to-video,803,Pixverse C1,8,360p,,true,188,ok
2026-08-26,image-to-video,803,Pixverse C1,8,360p,,false,140,ok
2026-08-26,image-to-video,803,Pixverse C1,8,540p,,true,234,ok
2026-08-26,image-to-video,803,Pixverse C1,8,540p,,false,188,ok
2026-08-26,image-to-video,803,Pixverse C1,8,720p,,true,304,ok
2026-08-26,image-to-video,803,Pixverse C1,8,720p,,false,234,ok
2026-08-26,image-to-video,803,Pixverse C1,8,1080p,,true,563,ok
2026-08-26,image-to-video,803,Pixverse C1,8,1080p,,false,445,ok
2026-08-26,image-to-video,803,Pixverse C1,9,360p,,true,211,ok
2026-08-26,image-to-video,803,Pixverse C1,9,360p,,false,158,ok
2026-08-26,image-to-video,803,Pixverse C1,9,540p,,true,263,ok
2026-08-26,image-to-video,803,Pixverse C1,9,540p,,false,211,ok
2026-08-26,image-to-video,803,Pixverse C1,9,720p,,true,342,ok
2026-08-26,image-to-video,803,Pixverse C1,9,720p,,false,263,ok
2026-08-26,image-to-video,803,Pixverse C1,9,1080p,,true,633,ok
2026-08-26,image-to-video,803,Pixverse C1,9,1080p,,false,501,ok
2026-08-26,image-to-video,803,Pixverse C1,10,360p,,true,235,ok
2026-08-26,image-to-video,803,Pixverse C1,10,360p,,false,176,ok
2026-08-26,image-to-video,803,Pixverse C1,10,540p,,true,293,ok
2026-08-26,image-to-video,803,Pixverse C1,10,540p,,false,235,ok
2026-08-26,image-to-video,803,Pixverse C1,10,720p,,true,381,ok
2026-08-26,image-to-video,803,Pixverse C1,10,720p,,false,293,ok
2026-08-26,image-to-video,803,Pixverse C1,10,1080p,,true,704,ok
2026-08-26,image-to-video,803,Pixverse C1,10,1080p,,false,557,ok
2026-08-26,image-to-video,803,Pixverse C1,11,360p,,true,258,ok
2026-08-26,image-to-video,803,Pixverse C1,11,360p,,false,193,ok
2026-08-26,image-to-video,803,Pixverse C1,11,540p,,true,322,ok
2026-08-26,image-to-video,803,Pixverse C1,11,540p,,false,258,ok
2026-08-26,image-to-video,803,Pixverse C1,11,720p,,true,419,ok
2026-08-26,image-to-video,803,Pixverse C1,11,720p,,false,322,ok
2026-08-26,image-to-video,803,Pixverse C1,11,1080p,,true,774,ok
2026-08-26,image-to-video,803,Pixverse C1,11,1080p,,false,612,ok
2026-08-26,image-to-video,803,Pixverse C1,12,360p,,true,282,ok
2026-08-26,image-to-video,803,Pixverse C1,12,360p,,false,211,ok
2026-08-26,image-to-video,803,Pixverse C1,12,540p,,true,351,ok
2026-08-26,image-to-video,803,Pixverse C1,12,540p,,false,282,ok
2026-08-26,image-to-video,803,Pixverse C1,12,720p,,true,457,ok
2026-08-26,image-to-video,803,Pixverse C1,12,720p,,false,351,ok
2026-08-26,image-to-video,803,Pixverse C1,12,1080p,,true,844,ok
2026-08-26,image-to-video,803,Pixverse C1,12,1080p,,false,668,ok
2026-08-26,image-to-video,803,Pixverse C1,13,360p,,true,305,ok
2026-08-26,image-to-video,803,Pixverse C1,13,360p,,false,228,ok
2026-08-26,image-to-video,803,Pixverse C1,13,540p,,true,380,ok
2026-08-26,image-to-video,803,Pixverse C1,13,540p,,false,305,ok
2026-08-26,image-to-video,803,Pixverse C1,13,720p,,true,495,ok
2026-08-26,image-to-video,803,Pixverse C1,13,720p,,false,380,ok
2026-08-26,image-to-video,803,Pixverse C1,13,1080p,,true,915,ok
2026-08-26,image-to-video,803,Pixverse C1,13,1080p,,false,724,ok
2026-08-26,image-to-video,803,Pixverse C1,14,360p,,true,329,ok
2026-08-26,image-to-video,803,Pixverse C1,14,360p,,false,246,ok
2026-08-26,image-to-video,803,Pixverse C1,14,540p,,true,410,ok
2026-08-26,image-to-video,803,Pixverse C1,14,540p,,false,329,ok
2026-08-26,image-to-video,803,Pixverse C1,14,720p,,true,533,ok
2026-08-26,image-to-video,803,Pixverse C1,14,720p,,false,410,ok
2026-08-26,image-to-video,803,Pixverse C1,14,1080p,,true,985,ok
2026-08-26,image-to-video,803,Pixverse C1,14,1080p,,false,779,ok
2026-08-26,image-to-video,803,Pixverse C1,15,360p,,true,352,ok
2026-08-26,image-to-video,803,Pixverse C1,15,360p,,false,264,ok
2026-08-26,image-to-video,803,Pixverse C1,15,540p,,true,439,ok
2026-08-26,image-to-video,803,Pixverse C1,15,540p,,false,352,ok
2026-08-26,image-to-video,803,Pixverse C1,15,720p,,true,571,ok
2026-08-26,image-to-video,803,Pixverse C1,15,720p,,false,439,ok
2026-08-26,image-to-video,803,Pixverse C1,15,1080p,,true,1056,ok
2026-08-26,image-to-video,803,Pixverse C1,15,1080p,,false,835,ok
2026-08-26,image-to-video,762,Seedance 2.5,4,480p,adaptive,not_billed,268,ok
2026-08-26,image-to-video,762,Seedance 2.5,4,720p,adaptive,not_billed,604,ok
2026-08-26,image-to-video,762,Seedance 2.5,4,1080p,adaptive,not_billed,1496,ok
2026-08-26,image-to-video,762,Seedance 2.5,5,480p,adaptive,not_billed,336,ok
2026-08-26,image-to-video,762,Seedance 2.5,5,720p,adaptive,not_billed,756,ok
2026-08-26,image-to-video,762,Seedance 2.5,5,1080p,adaptive,not_billed,1871,ok
2026-08-26,image-to-video,762,Seedance 2.5,6,480p,adaptive,not_billed,403,ok
2026-08-26,image-to-video,762,Seedance 2.5,6,720p,adaptive,not_billed,907,ok
2026-08-26,image-to-video,762,Seedance 2.5,6,1080p,adaptive,not_billed,2245,ok
2026-08-26,image-to-video,762,Seedance 2.5,7,480p,adaptive,not_billed,470,ok
2026-08-26,image-to-video,762,Seedance 2.5,7,720p,adaptive,not_billed,1058,ok
2026-08-26,image-to-video,762,Seedance 2.5,7,1080p,adaptive,not_billed,2619,ok
2026-08-26,image-to-video,762,Seedance 2.5,8,480p,adaptive,not_billed,537,ok
2026-08-26,image-to-video,762,Seedance 2.5,8,720p,adaptive,not_billed,1209,ok
2026-08-26,image-to-video,762,Seedance 2.5,8,1080p,adaptive,not_billed,2993,ok
2026-08-26,image-to-video,762,Seedance 2.5,9,480p,adaptive,not_billed,604,ok
2026-08-26,image-to-video,762,Seedance 2.5,9,720p,adaptive,not_billed,1360,ok
2026-08-26,image-to-video,762,Seedance 2.5,9,1080p,adaptive,not_billed,3367,ok
2026-08-26,image-to-video,762,Seedance 2.5,10,480p,adaptive,not_billed,672,ok
2026-08-26,image-to-video,762,Seedance 2.5,10,720p,adaptive,not_billed,1512,ok
2026-08-26,image-to-video,762,Seedance 2.5,10,1080p,adaptive,not_billed,3742,ok
2026-08-26,image-to-video,762,Seedance 2.5,11,480p,adaptive,not_billed,739,ok
2026-08-26,image-to-video,762,Seedance 2.5,11,720p,adaptive,not_billed,1663,ok
2026-08-26,image-to-video,762,Seedance 2.5,11,1080p,adaptive,not_billed,4116,ok
2026-08-26,image-to-video,762,Seedance 2.5,12,480p,adaptive,not_billed,806,ok
2026-08-26,image-to-video,762,Seedance 2.5,12,720p,adaptive,not_billed,1814,ok
2026-08-26,image-to-video,762,Seedance 2.5,12,1080p,adaptive,not_billed,4490,ok
2026-08-26,image-to-video,762,Seedance 2.5,13,480p,adaptive,not_billed,873,ok
2026-08-26,image-to-video,762,Seedance 2.5,13,720p,adaptive,not_billed,1965,ok
2026-08-26,image-to-video,762,Seedance 2.5,13,1080p,adaptive,not_billed,4864,ok
2026-08-26,image-to-video,762,Seedance 2.5,14,480p,adaptive,not_billed,940,ok
2026-08-26,image-to-video,762,Seedance 2.5,14,720p,adaptive,not_billed,2116,ok
2026-08-26,image-to-video,762,Seedance 2.5,14,1080p,adaptive,not_billed,5239,ok
2026-08-26,image-to-video,762,Seedance 2.5,15,480p,adaptive,not_billed,1008,ok
2026-08-26,image-to-video,762,Seedance 2.5,15,720p,adaptive,not_billed,2268,ok
2026-08-26,image-to-video,762,Seedance 2.5,15,1080p,adaptive,not_billed,5613,ok
2026-08-26,image-to-video,762,Seedance 2.5,16,480p,adaptive,not_billed,1075,ok
2026-08-26,image-to-video,762,Seedance 2.5,16,720p,adaptive,not_billed,2419,ok
2026-08-26,image-to-video,762,Seedance 2.5,16,1080p,adaptive,not_billed,5987,ok
2026-08-26,image-to-video,762,Seedance 2.5,17,480p,adaptive,not_billed,1142,ok
2026-08-26,image-to-video,762,Seedance 2.5,17,720p,adaptive,not_billed,2570,ok
2026-08-26,image-to-video,762,Seedance 2.5,17,1080p,adaptive,not_billed,6361,ok
2026-08-26,image-to-video,762,Seedance 2.5,18,480p,adaptive,not_billed,1209,ok
2026-08-26,image-to-video,762,Seedance 2.5,18,720p,adaptive,not_billed,2721,ok
2026-08-26,image-to-video,762,Seedance 2.5,18,1080p,adaptive,not_billed,6735,ok
2026-08-26,image-to-video,762,Seedance 2.5,19,480p,adaptive,not_billed,1276,ok
2026-08-26,image-to-video,762,Seedance 2.5,19,720p,adaptive,not_billed,2872,ok
2026-08-26,image-to-video,762,Seedance 2.5,19,1080p,adaptive,not_billed,7110,ok
2026-08-26,image-to-video,762,Seedance 2.5,20,480p,adaptive,not_billed,1344,ok
2026-08-26,image-to-video,762,Seedance 2.5,20,720p,adaptive,not_billed,3024,ok
2026-08-26,image-to-video,762,Seedance 2.5,20,1080p,adaptive,not_billed,7484,ok
2026-08-26,image-to-video,762,Seedance 2.5,21,480p,adaptive,not_billed,1411,ok
2026-08-26,image-to-video,762,Seedance 2.5,21,720p,adaptive,not_billed,3175,ok
2026-08-26,image-to-video,762,Seedance 2.5,21,1080p,adaptive,not_billed,7858,ok
2026-08-26,image-to-video,762,Seedance 2.5,22,480p,adaptive,not_billed,1478,ok
2026-08-26,image-to-video,762,Seedance 2.5,22,720p,adaptive,not_billed,3326,ok
2026-08-26,image-to-video,762,Seedance 2.5,22,1080p,adaptive,not_billed,8232,ok
2026-08-26,image-to-video,762,Seedance 2.5,23,480p,adaptive,not_billed,1545,ok
2026-08-26,image-to-video,762,Seedance 2.5,23,720p,adaptive,not_billed,3477,ok
2026-08-26,image-to-video,762,Seedance 2.5,23,1080p,adaptive,not_billed,8607,ok
2026-08-26,image-to-video,762,Seedance 2.5,24,480p,adaptive,not_billed,1612,ok
2026-08-26,image-to-video,762,Seedance 2.5,24,720p,adaptive,not_billed,3628,ok
2026-08-26,image-to-video,762,Seedance 2.5,24,1080p,adaptive,not_billed,8981,ok
2026-08-26,image-to-video,762,Seedance 2.5,25,480p,adaptive,not_billed,1680,ok
2026-08-26,image-to-video,762,Seedance 2.5,25,720p,adaptive,not_billed,3780,ok
2026-08-26,image-to-video,762,Seedance 2.5,25,1080p,adaptive,not_billed,9355,ok
2026-08-26,image-to-video,762,Seedance 2.5,26,480p,adaptive,not_billed,1747,ok
2026-08-26,image-to-video,762,Seedance 2.5,26,720p,adaptive,not_billed,3931,ok
2026-08-26,image-to-video,762,Seedance 2.5,26,1080p,adaptive,not_billed,9729,ok
2026-08-26,image-to-video,762,Seedance 2.5,27,480p,adaptive,not_billed,1814,ok
2026-08-26,image-to-video,762,Seedance 2.5,27,720p,adaptive,not_billed,4082,ok
2026-08-26,image-to-video,762,Seedance 2.5,27,1080p,adaptive,not_billed,10103,ok
2026-08-26,image-to-video,762,Seedance 2.5,28,480p,adaptive,not_billed,1881,ok
2026-08-26,image-to-video,762,Seedance 2.5,28,720p,adaptive,not_billed,4233,ok
2026-08-26,image-to-video,762,Seedance 2.5,28,1080p,adaptive,not_billed,10478,ok
2026-08-26,image-to-video,762,Seedance 2.5,29,480p,adaptive,not_billed,1948,ok
2026-08-26,image-to-video,762,Seedance 2.5,29,720p,adaptive,not_billed,4384,ok
2026-08-26,image-to-video,762,Seedance 2.5,29,1080p,adaptive,not_billed,10852,ok
2026-08-26,image-to-video,762,Seedance 2.5,30,480p,adaptive,not_billed,2016,ok
2026-08-26,image-to-video,762,Seedance 2.5,30,720p,adaptive,not_billed,4536,ok
2026-08-26,image-to-video,762,Seedance 2.5,30,1080p,adaptive,not_billed,11226,ok
2026-08-26,image-to-video,753,Seedance 2.0,4,480p,16:9,not_billed,184,ok
2026-08-26,image-to-video,753,Seedance 2.0,4,480p,9:16,not_billed,185,ok
2026-08-26,image-to-video,753,Seedance 2.0,4,480p,4:3,not_billed,181,ok
2026-08-26,image-to-video,753,Seedance 2.0,4,480p,1:1,not_billed,176,ok
2026-08-26,image-to-video,753,Seedance 2.0,4,480p,3:4,not_billed,181,ok
2026-08-26,image-to-video,753,Seedance 2.0,4,480p,21:9,not_billed,184,ok
2026-08-26,image-to-video,753,Seedance 2.0,4,720p,16:9,not_billed,397,ok
2026-08-26,image-to-video,753,Seedance 2.0,4,720p,9:16,not_billed,397,ok
2026-08-26,image-to-video,753,Seedance 2.0,4,720p,4:3,not_billed,399,ok
2026-08-26,image-to-video,753,Seedance 2.0,4,720p,1:1,not_billed,397,ok
2026-08-26,image-to-video,753,Seedance 2.0,4,720p,3:4,not_billed,399,ok
2026-08-26,image-to-video,753,Seedance 2.0,4,720p,21:9,not_billed,399,ok
2026-08-26,image-to-video,753,Seedance 2.0,4,1080p,16:9,not_billed,991,ok
2026-08-26,image-to-video,753,Seedance 2.0,4,1080p,9:16,not_billed,991,ok
2026-08-26,image-to-video,753,Seedance 2.0,4,1080p,4:3,not_billed,992,ok
2026-08-26,image-to-video,753,Seedance 2.0,4,1080p,1:1,not_billed,991,ok
2026-08-26,image-to-video,753,Seedance 2.0,4,1080p,3:4,not_billed,992,ok
2026-08-26,image-to-video,753,Seedance 2.0,4,1080p,21:9,not_billed,997,ok
2026-08-26,image-to-video,753,Seedance 2.0,4,4k,16:9,not_billed,2021,ok
2026-08-26,image-to-video,753,Seedance 2.0,4,4k,9:16,not_billed,2021,ok
2026-08-26,image-to-video,753,Seedance 2.0,4,4k,4:3,not_billed,2021,ok
2026-08-26,image-to-video,753,Seedance 2.0,4,4k,1:1,not_billed,2021,ok
2026-08-26,image-to-video,753,Seedance 2.0,4,4k,3:4,not_billed,2021,ok
2026-08-26,image-to-video,753,Seedance 2.0,4,4k,21:9,not_billed,2021,ok
2026-08-26,image-to-video,753,Seedance 2.0,5,480p,16:9,not_billed,231,ok
2026-08-26,image-to-video,753,Seedance 2.0,5,480p,9:16,not_billed,231,ok
2026-08-26,image-to-video,753,Seedance 2.0,5,480p,4:3,not_billed,227,ok
2026-08-26,image-to-video,753,Seedance 2.0,5,480p,1:1,not_billed,220,ok
2026-08-26,image-to-video,753,Seedance 2.0,5,480p,3:4,not_billed,227,ok
2026-08-26,image-to-video,753,Seedance 2.0,5,480p,21:9,not_billed,231,ok
2026-08-26,image-to-video,753,Seedance 2.0,5,720p,16:9,not_billed,496,ok
2026-08-26,image-to-video,753,Seedance 2.0,5,720p,9:16,not_billed,496,ok
2026-08-26,image-to-video,753,Seedance 2.0,5,720p,4:3,not_billed,499,ok
2026-08-26,image-to-video,753,Seedance 2.0,5,720p,1:1,not_billed,496,ok
2026-08-26,image-to-video,753,Seedance 2.0,5,720p,3:4,not_billed,499,ok
2026-08-26,image-to-video,753,Seedance 2.0,5,720p,21:9,not_billed,499,ok
2026-08-26,image-to-video,753,Seedance 2.0,5,1080p,16:9,not_billed,1239,ok
2026-08-26,image-to-video,753,Seedance 2.0,5,1080p,9:16,not_billed,1239,ok
2026-08-26,image-to-video,753,Seedance 2.0,5,1080p,4:3,not_billed,1241,ok
2026-08-26,image-to-video,753,Seedance 2.0,5,1080p,1:1,not_billed,1239,ok
2026-08-26,image-to-video,753,Seedance 2.0,5,1080p,3:4,not_billed,1241,ok
2026-08-26,image-to-video,753,Seedance 2.0,5,1080p,21:9,not_billed,1247,ok
2026-08-26,image-to-video,753,Seedance 2.0,5,4k,16:9,not_billed,2527,ok
2026-08-26,image-to-video,753,Seedance 2.0,5,4k,9:16,not_billed,2527,ok
2026-08-26,image-to-video,753,Seedance 2.0,5,4k,4:3,not_billed,2527,ok
2026-08-26,image-to-video,753,Seedance 2.0,5,4k,1:1,not_billed,2527,ok
2026-08-26,image-to-video,753,Seedance 2.0,5,4k,3:4,not_billed,2527,ok
2026-08-26,image-to-video,753,Seedance 2.0,5,4k,21:9,not_billed,2527,ok
2026-08-26,image-to-video,753,Seedance 2.0,6,480p,16:9,not_billed,277,ok
2026-08-26,image-to-video,753,Seedance 2.0,6,480p,9:16,not_billed,277,ok
2026-08-26,image-to-video,753,Seedance 2.0,6,480p,4:3,not_billed,272,ok
2026-08-26,image-to-video,753,Seedance 2.0,6,480p,1:1,not_billed,264,ok
2026-08-26,image-to-video,753,Seedance 2.0,6,480p,3:4,not_billed,272,ok
2026-08-26,image-to-video,753,Seedance 2.0,6,480p,21:9,not_billed,277,ok
2026-08-26,image-to-video,753,Seedance 2.0,6,720p,16:9,not_billed,596,ok
2026-08-26,image-to-video,753,Seedance 2.0,6,720p,9:16,not_billed,596,ok
2026-08-26,image-to-video,753,Seedance 2.0,6,720p,4:3,not_billed,599,ok
2026-08-26,image-to-video,753,Seedance 2.0,6,720p,1:1,not_billed,596,ok
2026-08-26,image-to-video,753,Seedance 2.0,6,720p,3:4,not_billed,599,ok
2026-08-26,image-to-video,753,Seedance 2.0,6,720p,21:9,not_billed,599,ok
2026-08-26,image-to-video,753,Seedance 2.0,6,1080p,16:9,not_billed,1487,ok
2026-08-26,image-to-video,753,Seedance 2.0,6,1080p,9:16,not_billed,1487,ok
2026-08-26,image-to-video,753,Seedance 2.0,6,1080p,4:3,not_billed,1489,ok
2026-08-26,image-to-video,753,Seedance 2.0,6,1080p,1:1,not_billed,1487,ok
2026-08-26,image-to-video,753,Seedance 2.0,6,1080p,3:4,not_billed,1489,ok
2026-08-26,image-to-video,753,Seedance 2.0,6,1080p,21:9,not_billed,1496,ok
2026-08-26,image-to-video,753,Seedance 2.0,6,4k,16:9,not_billed,3032,ok
2026-08-26,image-to-video,753,Seedance 2.0,6,4k,9:16,not_billed,3032,ok
2026-08-26,image-to-video,753,Seedance 2.0,6,4k,4:3,not_billed,3032,ok
2026-08-26,image-to-video,753,Seedance 2.0,6,4k,1:1,not_billed,3032,ok
2026-08-26,image-to-video,753,Seedance 2.0,6,4k,3:4,not_billed,3032,ok
2026-08-26,image-to-video,753,Seedance 2.0,6,4k,21:9,not_billed,3032,ok
2026-08-26,image-to-video,753,Seedance 2.0,7,480p,16:9,not_billed,323,ok
2026-08-26,image-to-video,753,Seedance 2.0,7,480p,9:16,not_billed,323,ok
2026-08-26,image-to-video,753,Seedance 2.0,7,480p,4:3,not_billed,317,ok
2026-08-26,image-to-video,753,Seedance 2.0,7,480p,1:1,not_billed,309,ok
2026-08-26,image-to-video,753,Seedance 2.0,7,480p,3:4,not_billed,317,ok
2026-08-26,image-to-video,753,Seedance 2.0,7,480p,21:9,not_billed,323,ok
2026-08-26,image-to-video,753,Seedance 2.0,7,720p,16:9,not_billed,695,ok
2026-08-26,image-to-video,753,Seedance 2.0,7,720p,9:16,not_billed,695,ok
2026-08-26,image-to-video,753,Seedance 2.0,7,720p,4:3,not_billed,699,ok
2026-08-26,image-to-video,753,Seedance 2.0,7,720p,1:1,not_billed,695,ok
2026-08-26,image-to-video,753,Seedance 2.0,7,720p,3:4,not_billed,699,ok
2026-08-26,image-to-video,753,Seedance 2.0,7,720p,21:9,not_billed,698,ok
2026-08-26,image-to-video,753,Seedance 2.0,7,1080p,16:9,not_billed,1735,ok
2026-08-26,image-to-video,753,Seedance 2.0,7,1080p,9:16,not_billed,1735,ok
2026-08-26,image-to-video,753,Seedance 2.0,7,1080p,4:3,not_billed,1737,ok
2026-08-26,image-to-video,753,Seedance 2.0,7,1080p,1:1,not_billed,1735,ok
2026-08-26,image-to-video,753,Seedance 2.0,7,1080p,3:4,not_billed,1737,ok
2026-08-26,image-to-video,753,Seedance 2.0,7,1080p,21:9,not_billed,1746,ok
2026-08-26,image-to-video,753,Seedance 2.0,7,4k,16:9,not_billed,3538,ok
2026-08-26,image-to-video,753,Seedance 2.0,7,4k,9:16,not_billed,3538,ok
2026-08-26,image-to-video,753,Seedance 2.0,7,4k,4:3,not_billed,3538,ok
2026-08-26,image-to-video,753,Seedance 2.0,7,4k,1:1,not_billed,3538,ok
2026-08-26,image-to-video,753,Seedance 2.0,7,4k,3:4,not_billed,3538,ok
2026-08-26,image-to-video,753,Seedance 2.0,7,4k,21:9,not_billed,3538,ok
2026-08-26,image-to-video,753,Seedance 2.0,8,480p,16:9,not_billed,369,ok
2026-08-26,image-to-video,753,Seedance 2.0,8,480p,9:16,not_billed,370,ok
2026-08-26,image-to-video,753,Seedance 2.0,8,480p,4:3,not_billed,363,ok
2026-08-26,image-to-video,753,Seedance 2.0,8,480p,1:1,not_billed,353,ok
2026-08-26,image-to-video,753,Seedance 2.0,8,480p,3:4,not_billed,363,ok
2026-08-26,image-to-video,753,Seedance 2.0,8,480p,21:9,not_billed,369,ok
2026-08-26,image-to-video,753,Seedance 2.0,8,720p,16:9,not_billed,794,ok
2026-08-26,image-to-video,753,Seedance 2.0,8,720p,9:16,not_billed,794,ok
2026-08-26,image-to-video,753,Seedance 2.0,8,720p,4:3,not_billed,799,ok
2026-08-26,image-to-video,753,Seedance 2.0,8,720p,1:1,not_billed,794,ok
2026-08-26,image-to-video,753,Seedance 2.0,8,720p,3:4,not_billed,799,ok
2026-08-26,image-to-video,753,Seedance 2.0,8,720p,21:9,not_billed,798,ok
2026-08-26,image-to-video,753,Seedance 2.0,8,1080p,16:9,not_billed,1982,ok
2026-08-26,image-to-video,753,Seedance 2.0,8,1080p,9:16,not_billed,1982,ok
2026-08-26,image-to-video,753,Seedance 2.0,8,1080p,4:3,not_billed,1985,ok
2026-08-26,image-to-video,753,Seedance 2.0,8,1080p,1:1,not_billed,1982,ok
2026-08-26,image-to-video,753,Seedance 2.0,8,1080p,3:4,not_billed,1985,ok
2026-08-26,image-to-video,753,Seedance 2.0,8,1080p,21:9,not_billed,1995,ok
2026-08-26,image-to-video,753,Seedance 2.0,8,4k,16:9,not_billed,4043,ok
2026-08-26,image-to-video,753,Seedance 2.0,8,4k,9:16,not_billed,4043,ok
2026-08-26,image-to-video,753,Seedance 2.0,8,4k,4:3,not_billed,4043,ok
2026-08-26,image-to-video,753,Seedance 2.0,8,4k,1:1,not_billed,4043,ok
2026-08-26,image-to-video,753,Seedance 2.0,8,4k,3:4,not_billed,4043,ok
2026-08-26,image-to-video,753,Seedance 2.0,8,4k,21:9,not_billed,4043,ok
2026-08-26,image-to-video,753,Seedance 2.0,9,480p,16:9,not_billed,415,ok
2026-08-26,image-to-video,753,Seedance 2.0,9,480p,9:16,not_billed,416,ok
2026-08-26,image-to-video,753,Seedance 2.0,9,480p,4:3,not_billed,408,ok
2026-08-26,image-to-video,753,Seedance 2.0,9,480p,1:1,not_billed,397,ok
2026-08-26,image-to-video,753,Seedance 2.0,9,480p,3:4,not_billed,408,ok
2026-08-26,image-to-video,753,Seedance 2.0,9,480p,21:9,not_billed,415,ok
2026-08-26,image-to-video,753,Seedance 2.0,9,720p,16:9,not_billed,894,ok
2026-08-26,image-to-video,753,Seedance 2.0,9,720p,9:16,not_billed,894,ok
2026-08-26,image-to-video,753,Seedance 2.0,9,720p,4:3,not_billed,899,ok
2026-08-26,image-to-video,753,Seedance 2.0,9,720p,1:1,not_billed,894,ok
2026-08-26,image-to-video,753,Seedance 2.0,9,720p,3:4,not_billed,899,ok
2026-08-26,image-to-video,753,Seedance 2.0,9,720p,21:9,not_billed,898,ok
2026-08-26,image-to-video,753,Seedance 2.0,9,1080p,16:9,not_billed,2230,ok
2026-08-26,image-to-video,753,Seedance 2.0,9,1080p,9:16,not_billed,2230,ok
2026-08-26,image-to-video,753,Seedance 2.0,9,1080p,4:3,not_billed,2234,ok
2026-08-26,image-to-video,753,Seedance 2.0,9,1080p,1:1,not_billed,2230,ok
2026-08-26,image-to-video,753,Seedance 2.0,9,1080p,3:4,not_billed,2234,ok
2026-08-26,image-to-video,753,Seedance 2.0,9,1080p,21:9,not_billed,2245,ok
2026-08-26,image-to-video,753,Seedance 2.0,9,4k,16:9,not_billed,4548,ok
2026-08-26,image-to-video,753,Seedance 2.0,9,4k,9:16,not_billed,4548,ok
2026-08-26,image-to-video,753,Seedance 2.0,9,4k,4:3,not_billed,4549,ok
2026-08-26,image-to-video,753,Seedance 2.0,9,4k,1:1,not_billed,4548,ok
2026-08-26,image-to-video,753,Seedance 2.0,9,4k,3:4,not_billed,4549,ok
2026-08-26,image-to-video,753,Seedance 2.0,9,4k,21:9,not_billed,4549,ok
2026-08-26,image-to-video,753,Seedance 2.0,10,480p,16:9,not_billed,462,ok
2026-08-26,image-to-video,753,Seedance 2.0,10,480p,9:16,not_billed,462,ok
2026-08-26,image-to-video,753,Seedance 2.0,10,480p,4:3,not_billed,454,ok
2026-08-26,image-to-video,753,Seedance 2.0,10,480p,1:1,not_billed,441,ok
2026-08-26,image-to-video,753,Seedance 2.0,10,480p,3:4,not_billed,454,ok
2026-08-26,image-to-video,753,Seedance 2.0,10,480p,21:9,not_billed,462,ok
2026-08-26,image-to-video,753,Seedance 2.0,10,720p,16:9,not_billed,993,ok
2026-08-26,image-to-video,753,Seedance 2.0,10,720p,9:16,not_billed,993,ok
2026-08-26,image-to-video,753,Seedance 2.0,10,720p,4:3,not_billed,999,ok
2026-08-26,image-to-video,753,Seedance 2.0,10,720p,1:1,not_billed,993,ok
2026-08-26,image-to-video,753,Seedance 2.0,10,720p,3:4,not_billed,999,ok
2026-08-26,image-to-video,753,Seedance 2.0,10,720p,21:9,not_billed,998,ok
2026-08-26,image-to-video,753,Seedance 2.0,10,1080p,16:9,not_billed,2478,ok
2026-08-26,image-to-video,753,Seedance 2.0,10,1080p,9:16,not_billed,2478,ok
2026-08-26,image-to-video,753,Seedance 2.0,10,1080p,4:3,not_billed,2482,ok
2026-08-26,image-to-video,753,Seedance 2.0,10,1080p,1:1,not_billed,2478,ok
2026-08-26,image-to-video,753,Seedance 2.0,10,1080p,3:4,not_billed,2482,ok
2026-08-26,image-to-video,753,Seedance 2.0,10,1080p,21:9,not_billed,2494,ok
2026-08-26,image-to-video,753,Seedance 2.0,10,4k,16:9,not_billed,5054,ok
2026-08-26,image-to-video,753,Seedance 2.0,10,4k,9:16,not_billed,5054,ok
2026-08-26,image-to-video,753,Seedance 2.0,10,4k,4:3,not_billed,5054,ok
2026-08-26,image-to-video,753,Seedance 2.0,10,4k,1:1,not_billed,5054,ok
2026-08-26,image-to-video,753,Seedance 2.0,10,4k,3:4,not_billed,5054,ok
2026-08-26,image-to-video,753,Seedance 2.0,10,4k,21:9,not_billed,5054,ok
2026-08-26,image-to-video,753,Seedance 2.0,11,480p,16:9,not_billed,508,ok
2026-08-26,image-to-video,753,Seedance 2.0,11,480p,9:16,not_billed,508,ok
2026-08-26,image-to-video,753,Seedance 2.0,11,480p,4:3,not_billed,499,ok
2026-08-26,image-to-video,753,Seedance 2.0,11,480p,1:1,not_billed,485,ok
2026-08-26,image-to-video,753,Seedance 2.0,11,480p,3:4,not_billed,499,ok
2026-08-26,image-to-video,753,Seedance 2.0,11,480p,21:9,not_billed,508,ok
2026-08-26,image-to-video,753,Seedance 2.0,11,720p,16:9,not_billed,1092,ok
2026-08-26,image-to-video,753,Seedance 2.0,11,720p,9:16,not_billed,1092,ok
2026-08-26,image-to-video,753,Seedance 2.0,11,720p,4:3,not_billed,1099,ok
2026-08-26,image-to-video,753,Seedance 2.0,11,720p,1:1,not_billed,1092,ok
2026-08-26,image-to-video,753,Seedance 2.0,11,720p,3:4,not_billed,1099,ok
2026-08-26,image-to-video,753,Seedance 2.0,11,720p,21:9,not_billed,1098,ok
2026-08-26,image-to-video,753,Seedance 2.0,11,1080p,16:9,not_billed,2726,ok
2026-08-26,image-to-video,753,Seedance 2.0,11,1080p,9:16,not_billed,2726,ok
2026-08-26,image-to-video,753,Seedance 2.0,11,1080p,4:3,not_billed,2730,ok
2026-08-26,image-to-video,753,Seedance 2.0,11,1080p,1:1,not_billed,2726,ok
2026-08-26,image-to-video,753,Seedance 2.0,11,1080p,3:4,not_billed,2730,ok
2026-08-26,image-to-video,753,Seedance 2.0,11,1080p,21:9,not_billed,2743,ok
2026-08-26,image-to-video,753,Seedance 2.0,11,4k,16:9,not_billed,5559,ok
2026-08-26,image-to-video,753,Seedance 2.0,11,4k,9:16,not_billed,5559,ok
2026-08-26,image-to-video,753,Seedance 2.0,11,4k,4:3,not_billed,5560,ok
2026-08-26,image-to-video,753,Seedance 2.0,11,4k,1:1,not_billed,5559,ok
2026-08-26,image-to-video,753,Seedance 2.0,11,4k,3:4,not_billed,5560,ok
2026-08-26,image-to-video,753,Seedance 2.0,11,4k,21:9,not_billed,5559,ok
2026-08-26,image-to-video,753,Seedance 2.0,12,480p,16:9,not_billed,554,ok
2026-08-26,image-to-video,753,Seedance 2.0,12,480p,9:16,not_billed,555,ok
2026-08-26,image-to-video,753,Seedance 2.0,12,480p,4:3,not_billed,544,ok
2026-08-26,image-to-video,753,Seedance 2.0,12,480p,1:1,not_billed,529,ok
2026-08-26,image-to-video,753,Seedance 2.0,12,480p,3:4,not_billed,544,ok
2026-08-26,image-to-video,753,Seedance 2.0,12,480p,21:9,not_billed,554,ok
2026-08-26,image-to-video,753,Seedance 2.0,12,720p,16:9,not_billed,1192,ok
2026-08-26,image-to-video,753,Seedance 2.0,12,720p,9:16,not_billed,1192,ok
2026-08-26,image-to-video,753,Seedance 2.0,12,720p,4:3,not_billed,1199,ok
2026-08-26,image-to-video,753,Seedance 2.0,12,720p,1:1,not_billed,1192,ok
2026-08-26,image-to-video,753,Seedance 2.0,12,720p,3:4,not_billed,1199,ok
2026-08-26,image-to-video,753,Seedance 2.0,12,720p,21:9,not_billed,1198,ok
2026-08-26,image-to-video,753,Seedance 2.0,12,1080p,16:9,not_billed,2974,ok
2026-08-26,image-to-video,753,Seedance 2.0,12,1080p,9:16,not_billed,2974,ok
2026-08-26,image-to-video,753,Seedance 2.0,12,1080p,4:3,not_billed,2978,ok
2026-08-26,image-to-video,753,Seedance 2.0,12,1080p,1:1,not_billed,2974,ok
2026-08-26,image-to-video,753,Seedance 2.0,12,1080p,3:4,not_billed,2978,ok
2026-08-26,image-to-video,753,Seedance 2.0,12,1080p,21:9,not_billed,2993,ok
2026-08-26,image-to-video,753,Seedance 2.0,12,4k,16:9,not_billed,6065,ok
2026-08-26,image-to-video,753,Seedance 2.0,12,4k,9:16,not_billed,6065,ok
2026-08-26,image-to-video,753,Seedance 2.0,12,4k,4:3,not_billed,6065,ok
2026-08-26,image-to-video,753,Seedance 2.0,12,4k,1:1,not_billed,6065,ok
2026-08-26,image-to-video,753,Seedance 2.0,12,4k,3:4,not_billed,6065,ok
2026-08-26,image-to-video,753,Seedance 2.0,12,4k,21:9,not_billed,6065,ok
2026-08-26,image-to-video,753,Seedance 2.0,13,480p,16:9,not_billed,600,ok
2026-08-26,image-to-video,753,Seedance 2.0,13,480p,9:16,not_billed,601,ok
2026-08-26,image-to-video,753,Seedance 2.0,13,480p,4:3,not_billed,590,ok
2026-08-26,image-to-video,753,Seedance 2.0,13,480p,1:1,not_billed,574,ok
2026-08-26,image-to-video,753,Seedance 2.0,13,480p,3:4,not_billed,590,ok
2026-08-26,image-to-video,753,Seedance 2.0,13,480p,21:9,not_billed,600,ok
2026-08-26,image-to-video,753,Seedance 2.0,13,720p,16:9,not_billed,1291,ok
2026-08-26,image-to-video,753,Seedance 2.0,13,720p,9:16,not_billed,1291,ok
2026-08-26,image-to-video,753,Seedance 2.0,13,720p,4:3,not_billed,1299,ok
2026-08-26,image-to-video,753,Seedance 2.0,13,720p,1:1,not_billed,1291,ok
2026-08-26,image-to-video,753,Seedance 2.0,13,720p,3:4,not_billed,1299,ok
2026-08-26,image-to-video,753,Seedance 2.0,13,720p,21:9,not_billed,1297,ok
2026-08-26,image-to-video,753,Seedance 2.0,13,1080p,16:9,not_billed,3222,ok
2026-08-26,image-to-video,753,Seedance 2.0,13,1080p,9:16,not_billed,3222,ok
2026-08-26,image-to-video,753,Seedance 2.0,13,1080p,4:3,not_billed,3226,ok
2026-08-26,image-to-video,753,Seedance 2.0,13,1080p,1:1,not_billed,3222,ok
2026-08-26,image-to-video,753,Seedance 2.0,13,1080p,3:4,not_billed,3226,ok
2026-08-26,image-to-video,753,Seedance 2.0,13,1080p,21:9,not_billed,3242,ok
2026-08-26,image-to-video,753,Seedance 2.0,13,4k,16:9,not_billed,6570,ok
2026-08-26,image-to-video,753,Seedance 2.0,13,4k,9:16,not_billed,6570,ok
2026-08-26,image-to-video,753,Seedance 2.0,13,4k,4:3,not_billed,6571,ok
2026-08-26,image-to-video,753,Seedance 2.0,13,4k,1:1,not_billed,6570,ok
2026-08-26,image-to-video,753,Seedance 2.0,13,4k,3:4,not_billed,6571,ok
2026-08-26,image-to-video,753,Seedance 2.0,13,4k,21:9,not_billed,6570,ok
2026-08-26,image-to-video,753,Seedance 2.0,14,480p,16:9,not_billed,646,ok
2026-08-26,image-to-video,753,Seedance 2.0,14,480p,9:16,not_billed,647,ok
2026-08-26,image-to-video,753,Seedance 2.0,14,480p,4:3,not_billed,635,ok
2026-08-26,image-to-video,753,Seedance 2.0,14,480p,1:1,not_billed,618,ok
2026-08-26,image-to-video,753,Seedance 2.0,14,480p,3:4,not_billed,635,ok
2026-08-26,image-to-video,753,Seedance 2.0,14,480p,21:9,not_billed,646,ok
2026-08-26,image-to-video,753,Seedance 2.0,14,720p,16:9,not_billed,1391,ok
2026-08-26,image-to-video,753,Seedance 2.0,14,720p,9:16,not_billed,1391,ok
2026-08-26,image-to-video,753,Seedance 2.0,14,720p,4:3,not_billed,1399,ok
2026-08-26,image-to-video,753,Seedance 2.0,14,720p,1:1,not_billed,1391,ok
2026-08-26,image-to-video,753,Seedance 2.0,14,720p,3:4,not_billed,1399,ok
2026-08-26,image-to-video,753,Seedance 2.0,14,720p,21:9,not_billed,1397,ok
2026-08-26,image-to-video,753,Seedance 2.0,14,1080p,16:9,not_billed,3470,ok
2026-08-26,image-to-video,753,Seedance 2.0,14,1080p,9:16,not_billed,3470,ok
2026-08-26,image-to-video,753,Seedance 2.0,14,1080p,4:3,not_billed,3475,ok
2026-08-26,image-to-video,753,Seedance 2.0,14,1080p,1:1,not_billed,3470,ok
2026-08-26,image-to-video,753,Seedance 2.0,14,1080p,3:4,not_billed,3475,ok
2026-08-26,image-to-video,753,Seedance 2.0,14,1080p,21:9,not_billed,3492,ok
2026-08-26,image-to-video,753,Seedance 2.0,14,4k,16:9,not_billed,7076,ok
2026-08-26,image-to-video,753,Seedance 2.0,14,4k,9:16,not_billed,7076,ok
2026-08-26,image-to-video,753,Seedance 2.0,14,4k,4:3,not_billed,7076,ok
2026-08-26,image-to-video,753,Seedance 2.0,14,4k,1:1,not_billed,7076,ok
2026-08-26,image-to-video,753,Seedance 2.0,14,4k,3:4,not_billed,7076,ok
2026-08-26,image-to-video,753,Seedance 2.0,14,4k,21:9,not_billed,7076,ok
2026-08-26,image-to-video,753,Seedance 2.0,15,480p,16:9,not_billed,693,ok
2026-08-26,image-to-video,753,Seedance 2.0,15,480p,9:16,not_billed,693,ok
2026-08-26,image-to-video,753,Seedance 2.0,15,480p,4:3,not_billed,681,ok
2026-08-26,image-to-video,753,Seedance 2.0,15,480p,1:1,not_billed,662,ok
2026-08-26,image-to-video,753,Seedance 2.0,15,480p,3:4,not_billed,681,ok
2026-08-26,image-to-video,753,Seedance 2.0,15,480p,21:9,not_billed,693,ok
2026-08-26,image-to-video,753,Seedance 2.0,15,720p,16:9,not_billed,1490,ok
2026-08-26,image-to-video,753,Seedance 2.0,15,720p,9:16,not_billed,1490,ok
2026-08-26,image-to-video,753,Seedance 2.0,15,720p,4:3,not_billed,1499,ok
2026-08-26,image-to-video,753,Seedance 2.0,15,720p,1:1,not_billed,1490,ok
2026-08-26,image-to-video,753,Seedance 2.0,15,720p,3:4,not_billed,1499,ok
2026-08-26,image-to-video,753,Seedance 2.0,15,720p,21:9,not_billed,1497,ok
2026-08-26,image-to-video,753,Seedance 2.0,15,1080p,16:9,not_billed,3717,ok
2026-08-26,image-to-video,753,Seedance 2.0,15,1080p,9:16,not_billed,3717,ok
2026-08-26,image-to-video,753,Seedance 2.0,15,1080p,4:3,not_billed,3723,ok
2026-08-26,image-to-video,753,Seedance 2.0,15,1080p,1:1,not_billed,3717,ok
2026-08-26,image-to-video,753,Seedance 2.0,15,1080p,3:4,not_billed,3723,ok
2026-08-26,image-to-video,753,Seedance 2.0,15,1080p,21:9,not_billed,3741,ok
2026-08-26,image-to-video,753,Seedance 2.0,15,4k,16:9,not_billed,7581,ok
2026-08-26,image-to-video,753,Seedance 2.0,15,4k,9:16,not_billed,7581,ok
2026-08-26,image-to-video,753,Seedance 2.0,15,4k,4:3,not_billed,7582,ok
2026-08-26,image-to-video,753,Seedance 2.0,15,4k,1:1,not_billed,7581,ok
2026-08-26,image-to-video,753,Seedance 2.0,15,4k,3:4,not_billed,7582,ok
2026-08-26,image-to-video,753,Seedance 2.0,15,4k,21:9,not_billed,7581,ok
2026-08-26,image-to-video,756,Seedance 2.0 fast,4,480p,16:9,not_billed,148,ok
2026-08-26,image-to-video,756,Seedance 2.0 fast,4,480p,9:16,not_billed,148,ok
2026-08-26,image-to-video,756,Seedance 2.0 fast,4,480p,4:3,not_billed,146,ok
2026-08-26,image-to-video,756,Seedance 2.0 fast,4,480p,1:1,not_billed,142,ok
2026-08-26,image-to-video,756,Seedance 2.0 fast,4,480p,3:4,not_billed,146,ok
2026-08-26,image-to-video,756,Seedance 2.0 fast,4,480p,21:9,not_billed,148,ok
2026-08-26,image-to-video,756,Seedance 2.0 fast,4,720p,16:9,not_billed,319,ok
2026-08-26,image-to-video,756,Seedance 2.0 fast,4,720p,9:16,not_billed,319,ok
2026-08-26,image-to-video,756,Seedance 2.0 fast,4,720p,4:3,not_billed,321,ok
2026-08-26,image-to-video,756,Seedance 2.0 fast,4,720p,1:1,not_billed,319,ok
2026-08-26,image-to-video,756,Seedance 2.0 fast,4,720p,3:4,not_billed,321,ok
2026-08-26,image-to-video,756,Seedance 2.0 fast,4,720p,21:9,not_billed,321,ok
2026-08-26,image-to-video,756,Seedance 2.0 fast,5,480p,16:9,not_billed,185,ok
2026-08-26,image-to-video,756,Seedance 2.0 fast,5,480p,9:16,not_billed,186,ok
2026-08-26,image-to-video,756,Seedance 2.0 fast,5,480p,4:3,not_billed,182,ok
2026-08-26,image-to-video,756,Seedance 2.0 fast,5,480p,1:1,not_billed,177,ok
2026-08-26,image-to-video,756,Seedance 2.0 fast,5,480p,3:4,not_billed,182,ok
2026-08-26,image-to-video,756,Seedance 2.0 fast,5,480p,21:9,not_billed,185,ok
2026-08-26,image-to-video,756,Seedance 2.0 fast,5,720p,16:9,not_billed,399,ok
2026-08-26,image-to-video,756,Seedance 2.0 fast,5,720p,9:16,not_billed,399,ok
2026-08-26,image-to-video,756,Seedance 2.0 fast,5,720p,4:3,not_billed,402,ok
2026-08-26,image-to-video,756,Seedance 2.0 fast,5,720p,1:1,not_billed,399,ok
2026-08-26,image-to-video,756,Seedance 2.0 fast,5,720p,3:4,not_billed,402,ok
2026-08-26,image-to-video,756,Seedance 2.0 fast,5,720p,21:9,not_billed,401,ok
2026-08-26,image-to-video,756,Seedance 2.0 fast,6,480p,16:9,not_billed,222,ok
2026-08-26,image-to-video,756,Seedance 2.0 fast,6,480p,9:16,not_billed,223,ok
2026-08-26,image-to-video,756,Seedance 2.0 fast,6,480p,4:3,not_billed,219,ok
2026-08-26,image-to-video,756,Seedance 2.0 fast,6,480p,1:1,not_billed,213,ok
2026-08-26,image-to-video,756,Seedance 2.0 fast,6,480p,3:4,not_billed,219,ok
2026-08-26,image-to-video,756,Seedance 2.0 fast,6,480p,21:9,not_billed,222,ok
2026-08-26,image-to-video,756,Seedance 2.0 fast,6,720p,16:9,not_billed,479,ok
2026-08-26,image-to-video,756,Seedance 2.0 fast,6,720p,9:16,not_billed,479,ok
2026-08-26,image-to-video,756,Seedance 2.0 fast,6,720p,4:3,not_billed,482,ok
2026-08-26,image-to-video,756,Seedance 2.0 fast,6,720p,1:1,not_billed,479,ok
2026-08-26,image-to-video,756,Seedance 2.0 fast,6,720p,3:4,not_billed,482,ok
2026-08-26,image-to-video,756,Seedance 2.0 fast,6,720p,21:9,not_billed,481,ok
2026-08-26,image-to-video,756,Seedance 2.0 fast,7,480p,16:9,not_billed,260,ok
2026-08-26,image-to-video,756,Seedance 2.0 fast,7,480p,9:16,not_billed,260,ok
2026-08-26,image-to-video,756,Seedance 2.0 fast,7,480p,4:3,not_billed,255,ok
2026-08-26,image-to-video,756,Seedance 2.0 fast,7,480p,1:1,not_billed,248,ok
2026-08-26,image-to-video,756,Seedance 2.0 fast,7,480p,3:4,not_billed,255,ok
2026-08-26,image-to-video,756,Seedance 2.0 fast,7,480p,21:9,not_billed,260,ok
2026-08-26,image-to-video,756,Seedance 2.0 fast,7,720p,16:9,not_billed,559,ok
2026-08-26,image-to-video,756,Seedance 2.0 fast,7,720p,9:16,not_billed,559,ok
2026-08-26,image-to-video,756,Seedance 2.0 fast,7,720p,4:3,not_billed,562,ok
2026-08-26,image-to-video,756,Seedance 2.0 fast,7,720p,1:1,not_billed,559,ok
2026-08-26,image-to-video,756,Seedance 2.0 fast,7,720p,3:4,not_billed,562,ok
2026-08-26,image-to-video,756,Seedance 2.0 fast,7,720p,21:9,not_billed,562,ok
2026-08-26,image-to-video,756,Seedance 2.0 fast,8,480p,16:9,not_billed,297,ok
2026-08-26,image-to-video,756,Seedance 2.0 fast,8,480p,9:16,not_billed,297,ok
2026-08-26,image-to-video,756,Seedance 2.0 fast,8,480p,4:3,not_billed,292,ok
2026-08-26,image-to-video,756,Seedance 2.0 fast,8,480p,1:1,not_billed,284,ok
2026-08-26,image-to-video,756,Seedance 2.0 fast,8,480p,3:4,not_billed,292,ok
2026-08-26,image-to-video,756,Seedance 2.0 fast,8,480p,21:9,not_billed,297,ok
2026-08-26,image-to-video,756,Seedance 2.0 fast,8,720p,16:9,not_billed,639,ok
2026-08-26,image-to-video,756,Seedance 2.0 fast,8,720p,9:16,not_billed,639,ok
2026-08-26,image-to-video,756,Seedance 2.0 fast,8,720p,4:3,not_billed,643,ok
2026-08-26,image-to-video,756,Seedance 2.0 fast,8,720p,1:1,not_billed,639,ok
2026-08-26,image-to-video,756,Seedance 2.0 fast,8,720p,3:4,not_billed,643,ok
2026-08-26,image-to-video,756,Seedance 2.0 fast,8,720p,21:9,not_billed,642,ok
2026-08-26,image-to-video,756,Seedance 2.0 fast,9,480p,16:9,not_billed,334,ok
2026-08-26,image-to-video,756,Seedance 2.0 fast,9,480p,9:16,not_billed,334,ok
2026-08-26,image-to-video,756,Seedance 2.0 fast,9,480p,4:3,not_billed,328,ok
2026-08-26,image-to-video,756,Seedance 2.0 fast,9,480p,1:1,not_billed,319,ok
2026-08-26,image-to-video,756,Seedance 2.0 fast,9,480p,3:4,not_billed,328,ok
2026-08-26,image-to-video,756,Seedance 2.0 fast,9,480p,21:9,not_billed,334,ok
2026-08-26,image-to-video,756,Seedance 2.0 fast,9,720p,16:9,not_billed,719,ok
2026-08-26,image-to-video,756,Seedance 2.0 fast,9,720p,9:16,not_billed,719,ok
2026-08-26,image-to-video,756,Seedance 2.0 fast,9,720p,4:3,not_billed,723,ok
2026-08-26,image-to-video,756,Seedance 2.0 fast,9,720p,1:1,not_billed,719,ok
2026-08-26,image-to-video,756,Seedance 2.0 fast,9,720p,3:4,not_billed,723,ok
2026-08-26,image-to-video,756,Seedance 2.0 fast,9,720p,21:9,not_billed,722,ok
2026-08-26,image-to-video,756,Seedance 2.0 fast,10,480p,16:9,not_billed,371,ok
2026-08-26,image-to-video,756,Seedance 2.0 fast,10,480p,9:16,not_billed,372,ok
2026-08-26,image-to-video,756,Seedance 2.0 fast,10,480p,4:3,not_billed,365,ok
2026-08-26,image-to-video,756,Seedance 2.0 fast,10,480p,1:1,not_billed,355,ok
2026-08-26,image-to-video,756,Seedance 2.0 fast,10,480p,3:4,not_billed,365,ok
2026-08-26,image-to-video,756,Seedance 2.0 fast,10,480p,21:9,not_billed,371,ok
2026-08-26,image-to-video,756,Seedance 2.0 fast,10,720p,16:9,not_billed,799,ok
2026-08-26,image-to-video,756,Seedance 2.0 fast,10,720p,9:16,not_billed,799,ok
2026-08-26,image-to-video,756,Seedance 2.0 fast,10,720p,4:3,not_billed,804,ok
2026-08-26,image-to-video,756,Seedance 2.0 fast,10,720p,1:1,not_billed,799,ok
2026-08-26,image-to-video,756,Seedance 2.0 fast,10,720p,3:4,not_billed,804,ok
2026-08-26,image-to-video,756,Seedance 2.0 fast,10,720p,21:9,not_billed,803,ok
2026-08-26,image-to-video,756,Seedance 2.0 fast,11,480p,16:9,not_billed,408,ok
2026-08-26,image-to-video,756,Seedance 2.0 fast,11,480p,9:16,not_billed,409,ok
2026-08-26,image-to-video,756,Seedance 2.0 fast,11,480p,4:3,not_billed,401,ok
2026-08-26,image-to-video,756,Seedance 2.0 fast,11,480p,1:1,not_billed,390,ok
2026-08-26,image-to-video,756,Seedance 2.0 fast,11,480p,3:4,not_billed,401,ok
2026-08-26,image-to-video,756,Seedance 2.0 fast,11,480p,21:9,not_billed,408,ok
2026-08-26,image-to-video,756,Seedance 2.0 fast,11,720p,16:9,not_billed,879,ok
2026-08-26,image-to-video,756,Seedance 2.0 fast,11,720p,9:16,not_billed,879,ok
2026-08-26,image-to-video,756,Seedance 2.0 fast,11,720p,4:3,not_billed,884,ok
2026-08-26,image-to-video,756,Seedance 2.0 fast,11,720p,1:1,not_billed,879,ok
2026-08-26,image-to-video,756,Seedance 2.0 fast,11,720p,3:4,not_billed,884,ok
2026-08-26,image-to-video,756,Seedance 2.0 fast,11,720p,21:9,not_billed,883,ok
2026-08-26,image-to-video,756,Seedance 2.0 fast,12,480p,16:9,not_billed,445,ok
2026-08-26,image-to-video,756,Seedance 2.0 fast,12,480p,9:16,not_billed,446,ok
2026-08-26,image-to-video,756,Seedance 2.0 fast,12,480p,4:3,not_billed,438,ok
2026-08-26,image-to-video,756,Seedance 2.0 fast,12,480p,1:1,not_billed,426,ok
2026-08-26,image-to-video,756,Seedance 2.0 fast,12,480p,3:4,not_billed,438,ok
2026-08-26,image-to-video,756,Seedance 2.0 fast,12,480p,21:9,not_billed,445,ok
2026-08-26,image-to-video,756,Seedance 2.0 fast,12,720p,16:9,not_billed,959,ok
2026-08-26,image-to-video,756,Seedance 2.0 fast,12,720p,9:16,not_billed,959,ok
2026-08-26,image-to-video,756,Seedance 2.0 fast,12,720p,4:3,not_billed,965,ok
2026-08-26,image-to-video,756,Seedance 2.0 fast,12,720p,1:1,not_billed,959,ok
2026-08-26,image-to-video,756,Seedance 2.0 fast,12,720p,3:4,not_billed,965,ok
2026-08-26,image-to-video,756,Seedance 2.0 fast,12,720p,21:9,not_billed,963,ok
2026-08-26,image-to-video,756,Seedance 2.0 fast,13,480p,16:9,not_billed,483,ok
2026-08-26,image-to-video,756,Seedance 2.0 fast,13,480p,9:16,not_billed,483,ok
2026-08-26,image-to-video,756,Seedance 2.0 fast,13,480p,4:3,not_billed,474,ok
2026-08-26,image-to-video,756,Seedance 2.0 fast,13,480p,1:1,not_billed,461,ok
2026-08-26,image-to-video,756,Seedance 2.0 fast,13,480p,3:4,not_billed,474,ok
2026-08-26,image-to-video,756,Seedance 2.0 fast,13,480p,21:9,not_billed,483,ok
2026-08-26,image-to-video,756,Seedance 2.0 fast,13,720p,16:9,not_billed,1038,ok
2026-08-26,image-to-video,756,Seedance 2.0 fast,13,720p,9:16,not_billed,1038,ok
2026-08-26,image-to-video,756,Seedance 2.0 fast,13,720p,4:3,not_billed,1045,ok
2026-08-26,image-to-video,756,Seedance 2.0 fast,13,720p,1:1,not_billed,1038,ok
2026-08-26,image-to-video,756,Seedance 2.0 fast,13,720p,3:4,not_billed,1045,ok
2026-08-26,image-to-video,756,Seedance 2.0 fast,13,720p,21:9,not_billed,1044,ok
2026-08-26,image-to-video,756,Seedance 2.0 fast,14,480p,16:9,not_billed,520,ok
2026-08-26,image-to-video,756,Seedance 2.0 fast,14,480p,9:16,not_billed,520,ok
2026-08-26,image-to-video,756,Seedance 2.0 fast,14,480p,4:3,not_billed,511,ok
2026-08-26,image-to-video,756,Seedance 2.0 fast,14,480p,1:1,not_billed,497,ok
2026-08-26,image-to-video,756,Seedance 2.0 fast,14,480p,3:4,not_billed,511,ok
2026-08-26,image-to-video,756,Seedance 2.0 fast,14,480p,21:9,not_billed,520,ok
2026-08-26,image-to-video,756,Seedance 2.0 fast,14,720p,16:9,not_billed,1118,ok
2026-08-26,image-to-video,756,Seedance 2.0 fast,14,720p,9:16,not_billed,1118,ok
2026-08-26,image-to-video,756,Seedance 2.0 fast,14,720p,4:3,not_billed,1125,ok
2026-08-26,image-to-video,756,Seedance 2.0 fast,14,720p,1:1,not_billed,1118,ok
2026-08-26,image-to-video,756,Seedance 2.0 fast,14,720p,3:4,not_billed,1125,ok
2026-08-26,image-to-video,756,Seedance 2.0 fast,14,720p,21:9,not_billed,1124,ok
2026-08-26,image-to-video,756,Seedance 2.0 fast,15,480p,16:9,not_billed,557,ok
2026-08-26,image-to-video,756,Seedance 2.0 fast,15,480p,9:16,not_billed,558,ok
2026-08-26,image-to-video,756,Seedance 2.0 fast,15,480p,4:3,not_billed,547,ok
2026-08-26,image-to-video,756,Seedance 2.0 fast,15,480p,1:1,not_billed,532,ok
2026-08-26,image-to-video,756,Seedance 2.0 fast,15,480p,3:4,not_billed,547,ok
2026-08-26,image-to-video,756,Seedance 2.0 fast,15,480p,21:9,not_billed,557,ok
2026-08-26,image-to-video,756,Seedance 2.0 fast,15,720p,16:9,not_billed,1198,ok
2026-08-26,image-to-video,756,Seedance 2.0 fast,15,720p,9:16,not_billed,1198,ok
2026-08-26,image-to-video,756,Seedance 2.0 fast,15,720p,4:3,not_billed,1206,ok
2026-08-26,image-to-video,756,Seedance 2.0 fast,15,720p,1:1,not_billed,1198,ok
2026-08-26,image-to-video,756,Seedance 2.0 fast,15,720p,3:4,not_billed,1206,ok
2026-08-26,image-to-video,756,Seedance 2.0 fast,15,720p,21:9,not_billed,1204,ok
2026-08-26,image-to-video,759,Seedance 2.0-mini,4,480p,16:9,not_billed,92,ok
2026-08-26,image-to-video,759,Seedance 2.0-mini,4,480p,9:16,not_billed,92,ok
2026-08-26,image-to-video,759,Seedance 2.0-mini,4,480p,4:3,not_billed,90,ok
2026-08-26,image-to-video,759,Seedance 2.0-mini,4,480p,1:1,not_billed,88,ok
2026-08-26,image-to-video,759,Seedance 2.0-mini,4,480p,3:4,not_billed,90,ok
2026-08-26,image-to-video,759,Seedance 2.0-mini,4,480p,21:9,not_billed,92,ok
2026-08-26,image-to-video,759,Seedance 2.0-mini,4,720p,16:9,not_billed,198,ok
2026-08-26,image-to-video,759,Seedance 2.0-mini,4,720p,9:16,not_billed,198,ok
2026-08-26,image-to-video,759,Seedance 2.0-mini,4,720p,4:3,not_billed,199,ok
2026-08-26,image-to-video,759,Seedance 2.0-mini,4,720p,1:1,not_billed,198,ok
2026-08-26,image-to-video,759,Seedance 2.0-mini,4,720p,3:4,not_billed,199,ok
2026-08-26,image-to-video,759,Seedance 2.0-mini,4,720p,21:9,not_billed,199,ok
2026-08-26,image-to-video,759,Seedance 2.0-mini,5,480p,16:9,not_billed,115,ok
2026-08-26,image-to-video,759,Seedance 2.0-mini,5,480p,9:16,not_billed,115,ok
2026-08-26,image-to-video,759,Seedance 2.0-mini,5,480p,4:3,not_billed,113,ok
2026-08-26,image-to-video,759,Seedance 2.0-mini,5,480p,1:1,not_billed,110,ok
2026-08-26,image-to-video,759,Seedance 2.0-mini,5,480p,3:4,not_billed,113,ok
2026-08-26,image-to-video,759,Seedance 2.0-mini,5,480p,21:9,not_billed,115,ok
2026-08-26,image-to-video,759,Seedance 2.0-mini,5,720p,16:9,not_billed,248,ok
2026-08-26,image-to-video,759,Seedance 2.0-mini,5,720p,9:16,not_billed,248,ok
2026-08-26,image-to-video,759,Seedance 2.0-mini,5,720p,4:3,not_billed,249,ok
2026-08-26,image-to-video,759,Seedance 2.0-mini,5,720p,1:1,not_billed,248,ok
2026-08-26,image-to-video,759,Seedance 2.0-mini,5,720p,3:4,not_billed,249,ok
2026-08-26,image-to-video,759,Seedance 2.0-mini,5,720p,21:9,not_billed,249,ok
2026-08-26,image-to-video,759,Seedance 2.0-mini,6,480p,16:9,not_billed,138,ok
2026-08-26,image-to-video,759,Seedance 2.0-mini,6,480p,9:16,not_billed,138,ok
2026-08-26,image-to-video,759,Seedance 2.0-mini,6,480p,4:3,not_billed,136,ok
2026-08-26,image-to-video,759,Seedance 2.0-mini,6,480p,1:1,not_billed,132,ok
2026-08-26,image-to-video,759,Seedance 2.0-mini,6,480p,3:4,not_billed,136,ok
2026-08-26,image-to-video,759,Seedance 2.0-mini,6,480p,21:9,not_billed,138,ok
2026-08-26,image-to-video,759,Seedance 2.0-mini,6,720p,16:9,not_billed,298,ok
2026-08-26,image-to-video,759,Seedance 2.0-mini,6,720p,9:16,not_billed,298,ok
2026-08-26,image-to-video,759,Seedance 2.0-mini,6,720p,4:3,not_billed,299,ok
2026-08-26,image-to-video,759,Seedance 2.0-mini,6,720p,1:1,not_billed,298,ok
2026-08-26,image-to-video,759,Seedance 2.0-mini,6,720p,3:4,not_billed,299,ok
2026-08-26,image-to-video,759,Seedance 2.0-mini,6,720p,21:9,not_billed,299,ok
2026-08-26,image-to-video,759,Seedance 2.0-mini,7,480p,16:9,not_billed,161,ok
2026-08-26,image-to-video,759,Seedance 2.0-mini,7,480p,9:16,not_billed,161,ok
2026-08-26,image-to-video,759,Seedance 2.0-mini,7,480p,4:3,not_billed,158,ok
2026-08-26,image-to-video,759,Seedance 2.0-mini,7,480p,1:1,not_billed,154,ok
2026-08-26,image-to-video,759,Seedance 2.0-mini,7,480p,3:4,not_billed,158,ok
2026-08-26,image-to-video,759,Seedance 2.0-mini,7,480p,21:9,not_billed,161,ok
2026-08-26,image-to-video,759,Seedance 2.0-mini,7,720p,16:9,not_billed,347,ok
2026-08-26,image-to-video,759,Seedance 2.0-mini,7,720p,9:16,not_billed,347,ok
2026-08-26,image-to-video,759,Seedance 2.0-mini,7,720p,4:3,not_billed,349,ok
2026-08-26,image-to-video,759,Seedance 2.0-mini,7,720p,1:1,not_billed,347,ok
2026-08-26,image-to-video,759,Seedance 2.0-mini,7,720p,3:4,not_billed,349,ok
2026-08-26,image-to-video,759,Seedance 2.0-mini,7,720p,21:9,not_billed,349,ok
2026-08-26,image-to-video,759,Seedance 2.0-mini,8,480p,16:9,not_billed,184,ok
2026-08-26,image-to-video,759,Seedance 2.0-mini,8,480p,9:16,not_billed,185,ok
2026-08-26,image-to-video,759,Seedance 2.0-mini,8,480p,4:3,not_billed,181,ok
2026-08-26,image-to-video,759,Seedance 2.0-mini,8,480p,1:1,not_billed,176,ok
2026-08-26,image-to-video,759,Seedance 2.0-mini,8,480p,3:4,not_billed,181,ok
2026-08-26,image-to-video,759,Seedance 2.0-mini,8,480p,21:9,not_billed,184,ok
2026-08-26,image-to-video,759,Seedance 2.0-mini,8,720p,16:9,not_billed,397,ok
2026-08-26,image-to-video,759,Seedance 2.0-mini,8,720p,9:16,not_billed,397,ok
2026-08-26,image-to-video,759,Seedance 2.0-mini,8,720p,4:3,not_billed,399,ok
2026-08-26,image-to-video,759,Seedance 2.0-mini,8,720p,1:1,not_billed,397,ok
2026-08-26,image-to-video,759,Seedance 2.0-mini,8,720p,3:4,not_billed,399,ok
2026-08-26,image-to-video,759,Seedance 2.0-mini,8,720p,21:9,not_billed,399,ok
2026-08-26,image-to-video,759,Seedance 2.0-mini,9,480p,16:9,not_billed,207,ok
2026-08-26,image-to-video,759,Seedance 2.0-mini,9,480p,9:16,not_billed,208,ok
2026-08-26,image-to-video,759,Seedance 2.0-mini,9,480p,4:3,not_billed,204,ok
2026-08-26,image-to-video,759,Seedance 2.0-mini,9,480p,1:1,not_billed,198,ok
2026-08-26,image-to-video,759,Seedance 2.0-mini,9,480p,3:4,not_billed,204,ok
2026-08-26,image-to-video,759,Seedance 2.0-mini,9,480p,21:9,not_billed,207,ok
2026-08-26,image-to-video,759,Seedance 2.0-mini,9,720p,16:9,not_billed,447,ok
2026-08-26,image-to-video,759,Seedance 2.0-mini,9,720p,9:16,not_billed,447,ok
2026-08-26,image-to-video,759,Seedance 2.0-mini,9,720p,4:3,not_billed,449,ok
2026-08-26,image-to-video,759,Seedance 2.0-mini,9,720p,1:1,not_billed,447,ok
2026-08-26,image-to-video,759,Seedance 2.0-mini,9,720p,3:4,not_billed,449,ok
2026-08-26,image-to-video,759,Seedance 2.0-mini,9,720p,21:9,not_billed,449,ok
2026-08-26,image-to-video,759,Seedance 2.0-mini,10,480p,16:9,not_billed,231,ok
2026-08-26,image-to-video,759,Seedance 2.0-mini,10,480p,9:16,not_billed,231,ok
2026-08-26,image-to-video,759,Seedance 2.0-mini,10,480p,4:3,not_billed,227,ok
2026-08-26,image-to-video,759,Seedance 2.0-mini,10,480p,1:1,not_billed,220,ok
2026-08-26,image-to-video,759,Seedance 2.0-mini,10,480p,3:4,not_billed,227,ok
2026-08-26,image-to-video,759,Seedance 2.0-mini,10,480p,21:9,not_billed,231,ok
2026-08-26,image-to-video,759,Seedance 2.0-mini,10,720p,16:9,not_billed,496,ok
2026-08-26,image-to-video,759,Seedance 2.0-mini,10,720p,9:16,not_billed,496,ok
2026-08-26,image-to-video,759,Seedance 2.0-mini,10,720p,4:3,not_billed,499,ok
2026-08-26,image-to-video,759,Seedance 2.0-mini,10,720p,1:1,not_billed,496,ok
2026-08-26,image-to-video,759,Seedance 2.0-mini,10,720p,3:4,not_billed,499,ok
2026-08-26,image-to-video,759,Seedance 2.0-mini,10,720p,21:9,not_billed,499,ok
2026-08-26,image-to-video,759,Seedance 2.0-mini,11,480p,16:9,not_billed,254,ok
2026-08-26,image-to-video,759,Seedance 2.0-mini,11,480p,9:16,not_billed,254,ok
2026-08-26,image-to-video,759,Seedance 2.0-mini,11,480p,4:3,not_billed,249,ok
2026-08-26,image-to-video,759,Seedance 2.0-mini,11,480p,1:1,not_billed,242,ok
2026-08-26,image-to-video,759,Seedance 2.0-mini,11,480p,3:4,not_billed,249,ok
2026-08-26,image-to-video,759,Seedance 2.0-mini,11,480p,21:9,not_billed,254,ok
2026-08-26,image-to-video,759,Seedance 2.0-mini,11,720p,16:9,not_billed,546,ok
2026-08-26,image-to-video,759,Seedance 2.0-mini,11,720p,9:16,not_billed,546,ok
2026-08-26,image-to-video,759,Seedance 2.0-mini,11,720p,4:3,not_billed,549,ok
2026-08-26,image-to-video,759,Seedance 2.0-mini,11,720p,1:1,not_billed,546,ok
2026-08-26,image-to-video,759,Seedance 2.0-mini,11,720p,3:4,not_billed,549,ok
2026-08-26,image-to-video,759,Seedance 2.0-mini,11,720p,21:9,not_billed,549,ok
2026-08-26,image-to-video,759,Seedance 2.0-mini,12,480p,16:9,not_billed,277,ok
2026-08-26,image-to-video,759,Seedance 2.0-mini,12,480p,9:16,not_billed,277,ok
2026-08-26,image-to-video,759,Seedance 2.0-mini,12,480p,4:3,not_billed,272,ok
2026-08-26,image-to-video,759,Seedance 2.0-mini,12,480p,1:1,not_billed,264,ok
2026-08-26,image-to-video,759,Seedance 2.0-mini,12,480p,3:4,not_billed,272,ok
2026-08-26,image-to-video,759,Seedance 2.0-mini,12,480p,21:9,not_billed,277,ok
2026-08-26,image-to-video,759,Seedance 2.0-mini,12,720p,16:9,not_billed,596,ok
2026-08-26,image-to-video,759,Seedance 2.0-mini,12,720p,9:16,not_billed,596,ok
2026-08-26,image-to-video,759,Seedance 2.0-mini,12,720p,4:3,not_billed,599,ok
2026-08-26,image-to-video,759,Seedance 2.0-mini,12,720p,1:1,not_billed,596,ok
2026-08-26,image-to-video,759,Seedance 2.0-mini,12,720p,3:4,not_billed,599,ok
2026-08-26,image-to-video,759,Seedance 2.0-mini,12,720p,21:9,not_billed,599,ok
2026-08-26,image-to-video,759,Seedance 2.0-mini,13,480p,16:9,not_billed,300,ok
2026-08-26,image-to-video,759,Seedance 2.0-mini,13,480p,9:16,not_billed,300,ok
2026-08-26,image-to-video,759,Seedance 2.0-mini,13,480p,4:3,not_billed,295,ok
2026-08-26,image-to-video,759,Seedance 2.0-mini,13,480p,1:1,not_billed,287,ok
2026-08-26,image-to-video,759,Seedance 2.0-mini,13,480p,3:4,not_billed,295,ok
2026-08-26,image-to-video,759,Seedance 2.0-mini,13,480p,21:9,not_billed,300,ok
2026-08-26,image-to-video,759,Seedance 2.0-mini,13,720p,16:9,not_billed,645,ok
2026-08-26,image-to-video,759,Seedance 2.0-mini,13,720p,9:16,not_billed,645,ok
2026-08-26,image-to-video,759,Seedance 2.0-mini,13,720p,4:3,not_billed,649,ok
2026-08-26,image-to-video,759,Seedance 2.0-mini,13,720p,1:1,not_billed,645,ok
2026-08-26,image-to-video,759,Seedance 2.0-mini,13,720p,3:4,not_billed,649,ok
2026-08-26,image-to-video,759,Seedance 2.0-mini,13,720p,21:9,not_billed,648,ok
2026-08-26,image-to-video,759,Seedance 2.0-mini,14,480p,16:9,not_billed,323,ok
2026-08-26,image-to-video,759,Seedance 2.0-mini,14,480p,9:16,not_billed,323,ok
2026-08-26,image-to-video,759,Seedance 2.0-mini,14,480p,4:3,not_billed,317,ok
2026-08-26,image-to-video,759,Seedance 2.0-mini,14,480p,1:1,not_billed,309,ok
2026-08-26,image-to-video,759,Seedance 2.0-mini,14,480p,3:4,not_billed,317,ok
2026-08-26,image-to-video,759,Seedance 2.0-mini,14,480p,21:9,not_billed,323,ok
2026-08-26,image-to-video,759,Seedance 2.0-mini,14,720p,16:9,not_billed,695,ok
2026-08-26,image-to-video,759,Seedance 2.0-mini,14,720p,9:16,not_billed,695,ok
2026-08-26,image-to-video,759,Seedance 2.0-mini,14,720p,4:3,not_billed,699,ok
2026-08-26,image-to-video,759,Seedance 2.0-mini,14,720p,1:1,not_billed,695,ok
2026-08-26,image-to-video,759,Seedance 2.0-mini,14,720p,3:4,not_billed,699,ok
2026-08-26,image-to-video,759,Seedance 2.0-mini,14,720p,21:9,not_billed,698,ok
2026-08-26,image-to-video,759,Seedance 2.0-mini,15,480p,16:9,not_billed,346,ok
2026-08-26,image-to-video,759,Seedance 2.0-mini,15,480p,9:16,not_billed,346,ok
2026-08-26,image-to-video,759,Seedance 2.0-mini,15,480p,4:3,not_billed,340,ok
2026-08-26,image-to-video,759,Seedance 2.0-mini,15,480p,1:1,not_billed,331,ok
2026-08-26,image-to-video,759,Seedance 2.0-mini,15,480p,3:4,not_billed,340,ok
2026-08-26,image-to-video,759,Seedance 2.0-mini,15,480p,21:9,not_billed,346,ok
2026-08-26,image-to-video,759,Seedance 2.0-mini,15,720p,16:9,not_billed,745,ok
2026-08-26,image-to-video,759,Seedance 2.0-mini,15,720p,9:16,not_billed,745,ok
2026-08-26,image-to-video,759,Seedance 2.0-mini,15,720p,4:3,not_billed,749,ok
2026-08-26,image-to-video,759,Seedance 2.0-mini,15,720p,1:1,not_billed,745,ok
2026-08-26,image-to-video,759,Seedance 2.0-mini,15,720p,3:4,not_billed,749,ok
2026-08-26,image-to-video,759,Seedance 2.0-mini,15,720p,21:9,not_billed,748,ok
